user,amount,timestamp
0.0,1000.0,2018-04-20 17:40:32
1.0,25.0,2018-04-29 16:11:30
3.0,25.0,2016-08-24 21:27:16
3.0,25.0,2016-05-19 13:48:36
3.0,25.0,2016-06-30 14:54:41
3.0,25.0,2018-06-02 14:34:06
3.0,25.0,2018-01-20 12:26:45
3.0,50.0,2016-02-06 22:21:09
3.0,50.0,2016-08-24 14:17:57
3.0,50.0,2018-05-30 11:46:59
3.0,25.0,2017-09-04 18:49:27
5.0,25.0,2018-01-28 18:57:07
5.0,25.0,2016-12-03 16:27:18
6.0,25.0,2018-03-13 15:53:29
6.0,25.0,2017-07-27 14:08:02
7.0,500.0,2018-05-22 16:56:05
7.0,500.0,2018-05-22 14:21:26
7.0,1000.0,2018-05-23 22:45:33
11.0,25.0,2017-09-04 21:46:37
17.0,25.0,2018-02-07 13:23:14
20.0,50.0,2018-02-25 14:48:19
20.0,25.0,2015-06-26 22:50:29
20.0,25.0,2017-01-27 11:27:24
20.0,50.0,2015-12-19 17:28:49
20.0,50.0,2017-06-08 16:23:19
20.0,25.0,2015-06-26 12:47:37
20.0,25.0,2015-03-20 18:47:35
20.0,25.0,2017-06-07 11:23:47
20.0,25.0,2016-04-03 19:58:32
20.0,25.0,2018-04-22 12:41:44
20.0,25.0,2018-03-22 12:53:32
20.0,25.0,2015-04-18 17:17:07
21.0,50.0,2017-12-17 19:57:48
21.0,25.0,2018-04-20 17:50:09
21.0,25.0,2017-07-28 16:46:58
21.0,25.0,2016-11-27 11:51:40
21.0,25.0,2016-12-13 13:09:22
21.0,25.0,2018-05-04 12:16:05
22.0,25.0,2015-12-16 16:20:39
22.0,50.0,2018-02-28 15:07:12
22.0,25.0,2015-02-28 16:03:50
22.0,50.0,2016-04-08 18:12:39
22.0,25.0,2018-02-12 12:35:41
22.0,25.0,2018-05-16 14:30:31
22.0,50.0,2018-04-06 13:53:33
22.0,25.0,2017-11-16 14:35:26
22.0,25.0,2018-05-21 22:44:35
22.0,25.0,2017-12-07 17:47:36
22.0,25.0,2017-01-05 19:29:50
22.0,50.0,2015-04-06 14:25:10
22.0,25.0,2016-06-29 12:35:17
22.0,50.0,2015-07-31 15:33:45
22.0,25.0,2016-03-02 14:17:02
22.0,50.0,2016-05-17 17:01:14
23.0,500.0,2017-03-14 18:21:03
23.0,250.0,2017-04-18 18:35:53
23.0,250.0,2015-06-10 19:30:37
23.0,250.0,2016-10-11 20:46:48
23.0,250.0,2015-05-06 11:40:48
23.0,500.0,2018-02-09 19:06:00
23.0,500.0,2017-02-24 19:17:50
23.0,500.0,2017-11-14 13:53:30
27.0,100.0,2015-08-30 18:03:46
27.0,100.0,2017-08-14 14:12:00
27.0,100.0,2016-01-24 22:54:55
27.0,100.0,2017-11-27 17:28:50
30.0,75.0,2017-04-23 18:59:03
30.0,50.0,2018-02-01 17:45:15
30.0,50.0,2017-08-30 17:24:48
32.0,25.0,2018-04-30 19:21:17
32.0,50.0,2017-12-26 11:39:29
33.0,25.0,2017-06-14 21:16:03
33.0,25.0,2017-08-19 16:38:54
33.0,25.0,2017-02-10 11:49:36
33.0,25.0,2017-06-17 16:13:54
33.0,25.0,2017-07-13 22:01:30
33.0,50.0,2017-05-10 13:58:53
35.0,25.0,2018-02-01 11:28:49
35.0,25.0,2017-12-25 21:02:56
38.0,50.0,2015-09-19 13:06:42
38.0,50.0,2016-01-19 12:39:52
38.0,25.0,2015-08-07 16:17:57
38.0,25.0,2018-04-07 22:50:05
38.0,25.0,2018-02-20 22:21:49
38.0,50.0,2015-12-24 19:50:52
38.0,25.0,2016-02-06 20:14:08
38.0,25.0,2017-06-23 12:06:17
38.0,50.0,2015-10-02 17:37:32
41.0,1500.0,2018-01-06 15:09:57
42.0,25.0,2018-04-24 13:33:59
42.0,50.0,2017-06-03 12:25:30
42.0,25.0,2017-03-29 14:19:20
42.0,50.0,2017-08-14 13:18:29
42.0,50.0,2018-01-29 13:34:40
42.0,50.0,2015-11-25 22:56:19
42.0,25.0,2015-12-12 15:16:52
42.0,25.0,2016-06-16 18:47:21
42.0,50.0,2016-07-16 20:59:56
42.0,50.0,2017-01-13 14:47:14
42.0,50.0,2016-11-23 21:10:56
42.0,25.0,2016-11-30 21:41:02
42.0,50.0,2017-05-28 18:21:53
42.0,25.0,2018-03-01 21:26:37
42.0,50.0,2018-04-29 17:16:30
42.0,50.0,2017-10-20 16:15:39
44.0,25.0,2018-01-26 17:39:35
44.0,25.0,2016-09-10 21:39:52
44.0,25.0,2018-01-03 13:37:07
44.0,25.0,2015-11-24 16:56:32
44.0,25.0,2017-03-22 18:03:40
44.0,50.0,2018-01-18 16:17:56
44.0,25.0,2016-02-14 22:00:49
44.0,25.0,2017-03-06 14:20:27
44.0,25.0,2018-05-19 20:57:42
45.0,25.0,2016-07-06 14:39:41
45.0,25.0,2017-11-16 19:58:51
45.0,25.0,2017-01-18 14:11:31
45.0,25.0,2016-06-15 12:42:39
45.0,50.0,2016-08-31 12:43:47
45.0,50.0,2016-09-18 15:14:00
47.0,25.0,2018-02-20 19:22:32
50.0,100.0,2017-01-29 12:07:09
50.0,75.0,2017-04-06 21:15:16
51.0,25.0,2018-04-06 17:43:04
52.0,50.0,2016-09-16 21:15:35
52.0,50.0,2016-11-06 22:56:07
52.0,25.0,2018-05-04 16:56:57
52.0,25.0,2016-12-14 14:02:33
52.0,25.0,2016-05-18 18:32:02
52.0,25.0,2017-03-08 16:34:39
52.0,25.0,2017-04-08 21:02:48
52.0,25.0,2016-05-01 18:40:44
53.0,500.0,2017-12-15 18:11:00
53.0,500.0,2017-04-06 14:57:59
53.0,500.0,2018-04-14 15:32:49
53.0,1000.0,2017-08-15 13:26:18
53.0,1000.0,2017-09-02 14:17:31
53.0,500.0,2017-12-10 21:21:33
53.0,500.0,2016-07-17 18:57:58
53.0,1000.0,2018-05-27 18:46:06
53.0,500.0,2017-09-08 18:44:24
53.0,1000.0,2018-01-19 12:58:41
54.0,75.0,2018-03-18 17:55:37
54.0,50.0,2018-01-20 19:30:55
54.0,75.0,2017-09-12 14:19:11
55.0,25.0,2018-04-10 22:52:44
55.0,25.0,2017-12-22 15:18:35
55.0,50.0,2018-05-30 21:12:57
55.0,25.0,2018-04-21 16:28:22
55.0,25.0,2018-05-30 20:45:26
59.0,500.0,2018-04-13 18:07:47
59.0,500.0,2018-03-15 16:43:48
59.0,500.0,2018-04-08 12:03:38
59.0,500.0,2018-04-20 22:07:22
60.0,25.0,2018-02-06 14:10:13
60.0,50.0,2018-02-08 18:50:02
60.0,25.0,2018-03-19 21:43:08
60.0,25.0,2017-11-27 18:21:45
62.0,50.0,2018-02-06 12:37:51
63.0,50.0,2017-10-17 11:01:21
64.0,25.0,2018-01-09 17:15:40
64.0,25.0,2018-04-01 14:08:48
64.0,25.0,2017-08-27 11:35:58
65.0,50.0,2017-01-31 14:04:51
65.0,50.0,2016-02-25 15:57:47
65.0,75.0,2015-09-29 14:25:38
65.0,50.0,2016-11-10 15:11:24
65.0,75.0,2017-03-04 11:15:25
65.0,50.0,2015-08-13 15:29:53
66.0,50.0,2018-03-11 17:27:24
66.0,25.0,2017-10-25 19:51:36
74.0,250.0,2018-05-22 21:51:25
74.0,250.0,2016-12-27 17:00:10
76.0,25.0,2018-03-04 11:05:03
76.0,25.0,2018-03-06 13:11:14
78.0,25.0,2018-04-25 19:36:37
79.0,25.0,2017-12-13 12:27:01
79.0,50.0,2018-04-19 12:51:08
81.0,50.0,2016-07-31 21:22:46
81.0,50.0,2017-04-03 13:56:11
81.0,50.0,2017-01-09 15:09:41
81.0,50.0,2017-10-30 16:43:09
81.0,50.0,2017-12-01 11:33:35
81.0,50.0,2017-09-21 20:53:25
82.0,75.0,2017-05-30 15:16:10
83.0,25.0,2017-07-08 19:48:19
84.0,250.0,2017-09-26 14:00:42
84.0,100.0,2017-03-05 13:26:31
87.0,25.0,2018-05-16 12:04:45
87.0,25.0,2018-04-01 15:25:21
88.0,50.0,2017-11-09 11:12:37
88.0,25.0,2015-03-23 12:06:46
88.0,25.0,2015-07-14 15:45:17
88.0,25.0,2017-07-19 16:02:35
88.0,50.0,2016-09-19 22:48:51
88.0,25.0,2015-12-03 16:37:06
88.0,50.0,2015-11-24 11:25:44
88.0,25.0,2016-11-09 16:38:16
88.0,25.0,2018-03-16 12:06:31
90.0,100.0,2018-01-17 16:07:20
90.0,75.0,2017-12-28 12:23:48
90.0,100.0,2018-05-08 20:57:21
90.0,75.0,2017-10-01 12:25:15
90.0,75.0,2017-02-18 20:37:20
90.0,75.0,2017-01-03 22:41:40
90.0,75.0,2018-02-15 12:15:44
90.0,75.0,2018-01-05 18:04:29
91.0,75.0,2017-01-19 21:20:56
91.0,75.0,2016-12-12 14:20:52
91.0,100.0,2017-05-05 13:18:05
91.0,100.0,2018-01-18 11:17:22
94.0,25.0,2018-04-11 17:56:06
94.0,25.0,2018-04-10 15:59:01
95.0,50.0,2018-04-21 22:10:05
96.0,50.0,2018-02-06 14:24:00
96.0,25.0,2017-08-19 14:36:44
97.0,500.0,2016-12-29 14:46:37
97.0,500.0,2017-10-22 20:20:14
97.0,1000.0,2018-01-02 13:53:26
97.0,500.0,2016-12-26 20:40:14
98.0,75.0,2017-10-13 19:25:06
98.0,50.0,2018-05-14 13:47:33
98.0,50.0,2017-08-31 21:50:57
99.0,1000.0,2017-12-24 15:08:10
100.0,1000.0,2017-07-16 13:35:39
100.0,1000.0,2016-09-17 17:48:50
100.0,1000.0,2016-06-08 11:47:56
100.0,1500.0,2016-04-25 12:08:51
100.0,1500.0,2016-09-18 19:58:45
100.0,1500.0,2015-10-10 21:56:53
100.0,1000.0,2018-05-28 14:51:03
100.0,1000.0,2018-05-21 19:26:47
101.0,500.0,2017-10-26 16:18:48
101.0,500.0,2018-05-22 20:46:17
101.0,1000.0,2017-07-09 15:47:41
101.0,500.0,2015-08-13 18:36:12
101.0,500.0,2016-05-11 11:30:11
101.0,1000.0,2017-01-26 15:54:51
101.0,1000.0,2016-01-16 21:03:01
101.0,500.0,2015-09-28 16:41:37
106.0,25.0,2016-09-10 16:46:28
106.0,25.0,2016-08-03 16:53:20
106.0,25.0,2017-08-15 20:32:00
106.0,25.0,2017-10-26 14:51:18
106.0,50.0,2018-01-17 14:20:38
106.0,25.0,2017-01-09 20:32:41
106.0,25.0,2017-10-15 19:24:18
106.0,50.0,2016-10-01 21:42:03
106.0,25.0,2017-08-06 21:42:58
108.0,25.0,2018-03-17 16:51:16
108.0,25.0,2018-04-04 15:11:02
110.0,25.0,2018-02-14 20:24:09
110.0,25.0,2018-01-04 21:48:14
111.0,25.0,2015-06-11 22:46:01
111.0,25.0,2018-05-27 15:39:59
111.0,50.0,2015-07-22 12:37:11
111.0,25.0,2018-04-01 17:04:36
111.0,25.0,2017-06-27 12:49:55
111.0,25.0,2018-01-30 17:21:57
111.0,25.0,2016-07-10 12:47:20
111.0,25.0,2016-07-24 21:58:35
111.0,25.0,2018-04-13 11:58:25
112.0,25.0,2018-02-23 14:16:58
112.0,50.0,2017-08-08 12:25:51
115.0,25.0,2016-03-13 18:24:24
115.0,50.0,2017-02-19 13:49:41
115.0,25.0,2017-08-17 22:08:43
116.0,25.0,2017-08-17 12:20:14
116.0,25.0,2018-05-15 21:32:16
117.0,100.0,2015-12-22 11:24:39
117.0,100.0,2017-09-11 14:35:15
117.0,75.0,2017-10-01 22:28:21
117.0,100.0,2017-12-22 22:08:33
117.0,75.0,2015-11-06 17:56:22
117.0,75.0,2016-01-28 16:43:55
118.0,50.0,2016-05-28 19:09:04
118.0,25.0,2017-12-28 15:26:10
118.0,25.0,2015-04-14 15:36:14
118.0,25.0,2015-09-24 12:11:50
118.0,50.0,2016-05-29 17:20:28
118.0,50.0,2016-06-20 15:43:18
118.0,25.0,2016-02-26 16:21:25
118.0,25.0,2015-12-11 16:32:18
118.0,25.0,2016-05-14 19:16:56
118.0,25.0,2018-02-19 19:24:15
118.0,50.0,2017-04-22 14:54:49
118.0,25.0,2018-01-26 19:54:23
118.0,50.0,2015-08-13 17:03:00
118.0,25.0,2016-11-14 17:50:38
118.0,25.0,2017-12-29 13:46:07
118.0,50.0,2017-07-30 21:54:53
119.0,25.0,2016-10-18 11:01:54
119.0,50.0,2016-06-15 14:43:11
119.0,25.0,2018-02-07 14:16:51
119.0,25.0,2018-02-22 12:47:51
120.0,50.0,2018-04-07 16:38:19
120.0,25.0,2016-11-12 16:31:42
120.0,25.0,2018-02-17 13:17:15
120.0,50.0,2018-01-07 16:11:00
120.0,25.0,2017-10-31 15:40:44
120.0,25.0,2017-04-24 19:33:57
121.0,25.0,2017-12-06 14:56:47
121.0,25.0,2018-04-14 15:26:43
122.0,25.0,2017-05-17 19:04:03
122.0,25.0,2016-05-03 18:27:33
122.0,25.0,2016-07-11 18:17:18
122.0,50.0,2017-02-22 18:38:06
122.0,25.0,2018-06-01 21:23:38
122.0,25.0,2018-02-12 15:17:39
122.0,25.0,2015-06-18 16:02:05
122.0,25.0,2017-05-05 16:04:56
122.0,50.0,2018-03-31 16:23:52
122.0,50.0,2018-03-16 22:02:39
122.0,25.0,2015-08-26 18:02:18
122.0,25.0,2015-06-18 21:40:23
123.0,50.0,2018-01-07 16:04:56
123.0,25.0,2018-01-07 16:22:20
123.0,25.0,2018-03-15 22:41:39
126.0,1000.0,2017-07-20 20:07:10
126.0,1500.0,2018-04-18 18:24:34
126.0,1000.0,2018-03-23 14:25:44
129.0,50.0,2016-03-03 11:48:57
129.0,25.0,2017-09-04 18:09:00
129.0,25.0,2016-05-14 17:02:33
130.0,25.0,2017-11-04 16:13:32
130.0,50.0,2016-05-10 12:11:30
130.0,25.0,2017-06-03 17:53:59
130.0,25.0,2017-04-02 18:44:29
131.0,25.0,2017-09-15 16:04:58
131.0,50.0,2017-11-08 16:26:53
131.0,25.0,2018-05-06 14:08:58
132.0,50.0,2017-02-28 13:08:46
132.0,25.0,2016-11-29 14:26:52
132.0,50.0,2015-05-18 21:32:42
132.0,25.0,2016-12-07 14:52:23
132.0,50.0,2018-05-17 18:43:57
132.0,50.0,2016-10-04 11:27:24
132.0,50.0,2015-06-25 19:19:48
132.0,25.0,2016-10-31 16:39:11
132.0,25.0,2015-10-17 20:32:20
132.0,50.0,2016-12-10 16:00:48
132.0,25.0,2016-12-12 17:26:51
132.0,25.0,2016-10-21 14:12:28
132.0,25.0,2016-08-07 11:14:40
132.0,25.0,2017-11-20 11:35:05
132.0,25.0,2016-03-09 20:59:50
132.0,25.0,2016-06-12 16:11:12
132.0,25.0,2017-09-12 20:02:24
132.0,25.0,2017-09-11 12:27:08
132.0,25.0,2016-03-12 22:11:27
132.0,25.0,2016-10-12 16:36:03
134.0,25.0,2017-08-01 22:08:59
135.0,25.0,2016-04-30 22:32:07
135.0,25.0,2017-10-16 19:21:26
136.0,50.0,2017-02-23 17:10:53
136.0,25.0,2017-03-28 15:56:34
136.0,25.0,2018-01-24 18:58:57
138.0,50.0,2017-07-21 18:23:03
139.0,50.0,2018-01-15 14:15:16
139.0,25.0,2017-12-25 22:21:49
139.0,25.0,2018-04-22 14:44:25
140.0,75.0,2018-01-20 15:28:25
140.0,75.0,2017-07-18 14:10:05
140.0,100.0,2015-07-15 21:33:35
140.0,100.0,2016-05-26 21:44:10
140.0,75.0,2016-12-27 13:31:01
140.0,75.0,2015-09-11 22:54:35
140.0,100.0,2017-06-03 12:51:48
140.0,100.0,2015-05-03 22:57:31
144.0,250.0,2018-03-26 21:04:31
144.0,250.0,2018-06-02 19:46:25
145.0,25.0,2017-01-26 14:47:55
145.0,25.0,2017-01-29 19:09:17
145.0,50.0,2017-03-08 19:41:27
145.0,25.0,2017-06-03 20:38:18
146.0,75.0,2017-07-31 13:35:45
146.0,100.0,2018-04-28 17:25:49
146.0,75.0,2018-02-18 17:24:23
146.0,75.0,2017-09-20 12:36:17
146.0,75.0,2017-07-27 22:48:16
146.0,75.0,2017-02-18 20:09:27
152.0,100.0,2016-07-29 13:55:56
152.0,100.0,2018-01-26 11:59:23
152.0,250.0,2015-05-30 13:54:38
152.0,100.0,2017-08-09 18:39:53
152.0,100.0,2015-04-21 17:14:10
152.0,100.0,2017-08-12 15:04:33
152.0,100.0,2017-11-29 11:33:48
152.0,100.0,2017-10-04 15:33:45
152.0,100.0,2017-07-18 22:16:30
152.0,250.0,2017-07-08 16:05:55
152.0,100.0,2015-11-27 11:14:35
152.0,100.0,2015-08-02 13:13:23
153.0,50.0,2018-01-02 18:39:52
154.0,250.0,2017-12-20 16:02:50
154.0,250.0,2018-01-21 11:08:46
158.0,25.0,2017-04-25 13:41:58
158.0,25.0,2016-06-17 20:18:09
158.0,25.0,2016-07-11 19:48:14
158.0,25.0,2018-05-17 18:33:07
158.0,25.0,2016-06-14 16:07:53
158.0,25.0,2018-04-05 20:35:37
160.0,25.0,2017-07-09 12:26:14
160.0,50.0,2018-02-21 20:40:37
160.0,25.0,2018-02-07 17:31:46
161.0,25.0,2018-04-19 22:41:48
161.0,25.0,2018-01-26 16:28:52
164.0,25.0,2017-12-30 14:48:00
164.0,25.0,2018-03-03 15:58:13
164.0,25.0,2018-05-10 21:39:59
165.0,100.0,2018-03-31 11:10:03
166.0,25.0,2017-08-06 12:06:48
166.0,25.0,2017-12-17 16:08:54
167.0,250.0,2017-11-15 15:16:46
167.0,250.0,2018-04-22 18:28:47
167.0,250.0,2018-05-12 21:44:44
167.0,250.0,2018-03-01 12:55:37
167.0,250.0,2017-11-21 14:56:31
167.0,250.0,2018-04-27 17:06:30
168.0,25.0,2017-11-04 19:48:50
168.0,25.0,2017-06-30 13:42:31
170.0,25.0,2017-10-30 17:57:58
170.0,25.0,2018-04-17 15:08:35
171.0,25.0,2017-11-30 12:16:54
171.0,25.0,2017-11-12 11:07:21
172.0,25.0,2018-01-15 11:33:09
172.0,25.0,2018-03-21 13:11:54
172.0,25.0,2018-05-19 14:44:55
173.0,50.0,2017-11-07 17:20:08
173.0,25.0,2018-02-20 21:14:17
179.0,500.0,2017-07-08 19:48:30
180.0,25.0,2018-03-04 14:29:21
181.0,50.0,2017-08-01 11:35:11
181.0,25.0,2018-02-09 14:02:22
181.0,25.0,2017-12-18 20:34:13
181.0,25.0,2018-05-01 12:29:17
183.0,500.0,2017-11-04 22:59:41
183.0,500.0,2017-01-30 14:52:35
183.0,250.0,2018-04-24 13:01:18
183.0,250.0,2017-10-10 21:22:31
184.0,25.0,2017-09-30 12:03:46
184.0,25.0,2017-01-01 20:35:15
184.0,25.0,2016-11-24 11:23:16
184.0,50.0,2017-09-08 19:51:28
187.0,25.0,2018-01-12 15:00:03
190.0,100.0,2015-12-09 21:05:53
190.0,75.0,2015-09-22 18:31:30
190.0,75.0,2018-04-27 22:13:18
190.0,75.0,2016-10-20 22:43:07
190.0,100.0,2016-03-11 21:47:02
190.0,100.0,2017-02-15 12:47:05
192.0,25.0,2017-08-30 19:58:45
192.0,25.0,2017-04-26 12:03:16
193.0,25.0,2017-06-26 18:27:43
193.0,25.0,2016-11-01 13:53:48
193.0,50.0,2018-05-03 21:44:55
193.0,50.0,2017-06-05 22:29:10
195.0,25.0,2017-08-28 16:14:00
195.0,25.0,2018-02-23 12:37:33
195.0,25.0,2018-03-08 15:33:43
195.0,25.0,2017-09-22 17:03:52
196.0,100.0,2017-09-22 12:53:27
196.0,100.0,2017-04-05 14:54:21
198.0,25.0,2017-04-23 12:44:38
198.0,25.0,2018-04-09 21:39:41
198.0,25.0,2016-08-21 13:57:07
198.0,25.0,2017-05-26 18:18:11
198.0,25.0,2017-01-24 18:35:01
198.0,25.0,2016-09-21 13:15:58
198.0,50.0,2017-08-14 18:37:49
198.0,25.0,2016-10-21 15:47:23
198.0,25.0,2016-11-24 13:03:07
198.0,50.0,2018-03-12 15:25:17
198.0,25.0,2018-04-18 13:53:12
198.0,25.0,2016-08-12 17:03:34
198.0,25.0,2017-07-20 12:33:43
198.0,50.0,2015-09-13 18:02:48
198.0,50.0,2016-06-25 21:32:36
198.0,25.0,2015-05-02 13:49:22
198.0,25.0,2015-08-03 12:01:09
198.0,25.0,2016-07-23 15:44:13
199.0,25.0,2017-07-09 22:17:29
200.0,50.0,2017-08-21 18:08:39
202.0,25.0,2017-04-14 14:51:18
202.0,50.0,2018-03-05 13:10:44
202.0,25.0,2017-07-18 17:37:36
202.0,25.0,2017-09-30 22:00:39
203.0,50.0,2017-10-02 17:24:39
203.0,25.0,2016-06-13 14:36:27
203.0,25.0,2018-01-08 14:07:03
203.0,25.0,2016-10-05 20:37:36
203.0,25.0,2015-11-24 13:50:36
203.0,25.0,2017-06-02 21:12:07
203.0,25.0,2016-01-20 16:30:45
203.0,25.0,2016-03-23 12:22:51
203.0,25.0,2016-06-15 15:03:30
203.0,50.0,2016-11-10 18:26:16
203.0,25.0,2016-09-11 19:24:52
203.0,25.0,2017-04-02 22:03:10
207.0,500.0,2017-09-30 18:49:49
209.0,25.0,2018-02-22 21:22:16
210.0,50.0,2016-04-27 12:25:22
210.0,25.0,2018-03-08 18:57:26
210.0,25.0,2016-08-11 14:38:33
211.0,500.0,2018-05-09 16:29:16
211.0,500.0,2018-05-14 14:07:58
211.0,500.0,2018-01-28 11:36:40
212.0,500.0,2017-09-28 20:07:38
212.0,500.0,2018-03-03 18:20:41
212.0,500.0,2017-05-21 22:48:18
212.0,500.0,2018-01-08 17:10:42
214.0,50.0,2017-12-01 19:27:16
214.0,25.0,2017-12-26 18:22:52
216.0,25.0,2017-12-20 17:10:42
219.0,50.0,2017-09-07 13:28:36
219.0,25.0,2017-10-14 14:20:41
219.0,50.0,2018-03-03 13:28:00
219.0,25.0,2018-05-27 16:29:14
220.0,50.0,2015-09-20 16:59:31
220.0,50.0,2017-07-26 20:00:50
220.0,50.0,2017-12-25 12:07:53
220.0,25.0,2017-11-29 14:56:13
222.0,25.0,2018-01-12 16:47:22
223.0,25.0,2017-01-15 14:54:13
223.0,25.0,2016-05-25 11:24:28
225.0,1000.0,2016-09-24 16:08:34
225.0,1000.0,2017-08-06 19:30:06
225.0,1000.0,2018-05-09 14:46:15
225.0,1500.0,2016-09-14 20:56:23
225.0,1000.0,2017-02-12 22:47:45
225.0,1000.0,2017-04-29 17:32:04
225.0,1500.0,2017-05-23 20:08:11
225.0,1000.0,2017-05-02 21:51:48
225.0,1000.0,2018-04-05 20:50:06
225.0,1000.0,2018-04-01 19:59:37
225.0,1500.0,2016-06-04 16:01:23
225.0,1500.0,2017-02-16 12:24:42
228.0,500.0,2018-03-08 13:40:24
228.0,1000.0,2016-03-20 22:55:57
228.0,1000.0,2016-05-30 18:20:16
228.0,500.0,2015-02-27 22:34:54
228.0,500.0,2018-04-15 14:58:08
228.0,500.0,2017-02-20 13:14:43
228.0,1000.0,2018-03-06 18:15:13
228.0,500.0,2017-01-04 20:13:08
228.0,500.0,2017-05-26 15:41:33
228.0,500.0,2017-03-28 15:52:26
228.0,1000.0,2016-03-25 20:22:00
228.0,1000.0,2016-06-30 16:01:20
229.0,500.0,2018-04-22 20:07:28
229.0,500.0,2018-01-08 14:59:34
230.0,25.0,2015-07-15 18:37:56
230.0,25.0,2015-09-25 19:45:17
230.0,25.0,2017-07-05 12:36:13
230.0,50.0,2018-02-28 21:47:08
230.0,25.0,2016-04-19 11:19:26
230.0,50.0,2015-11-11 22:40:01
230.0,50.0,2016-11-16 16:34:27
230.0,25.0,2015-09-10 13:35:11
231.0,50.0,2018-04-28 12:04:02
231.0,50.0,2017-10-29 12:13:16
232.0,250.0,2018-01-22 15:52:44
232.0,100.0,2017-05-18 13:16:21
234.0,50.0,2018-05-30 18:08:15
234.0,50.0,2018-06-02 17:29:25
237.0,250.0,2017-01-20 11:30:54
237.0,250.0,2016-06-04 15:16:56
237.0,250.0,2016-02-24 13:09:25
237.0,500.0,2018-05-30 17:23:15
240.0,1000.0,2017-08-25 13:26:31
242.0,50.0,2018-02-02 11:14:40
243.0,1000.0,2017-12-06 18:04:37
243.0,1000.0,2016-09-26 16:50:39
243.0,500.0,2018-03-08 13:13:41
243.0,500.0,2017-11-12 22:36:59
243.0,1000.0,2018-05-07 13:48:34
243.0,500.0,2017-05-27 22:13:45
243.0,1000.0,2017-01-27 17:45:34
243.0,500.0,2017-08-31 22:36:27
245.0,50.0,2017-08-24 11:44:55
245.0,50.0,2017-12-01 21:53:06
245.0,50.0,2017-08-22 18:53:27
245.0,50.0,2018-05-18 13:37:34
245.0,50.0,2017-03-14 15:51:33
245.0,50.0,2017-12-20 16:32:26
247.0,250.0,2017-01-28 11:50:13
247.0,250.0,2017-07-18 14:36:15
247.0,250.0,2017-10-22 12:26:32
247.0,250.0,2016-08-30 13:32:12
247.0,500.0,2016-11-19 11:26:36
247.0,250.0,2017-06-28 12:40:02
250.0,100.0,2018-05-26 22:16:44
250.0,100.0,2016-07-15 18:12:58
250.0,100.0,2016-03-23 19:32:32
250.0,100.0,2017-08-11 13:45:30
250.0,100.0,2017-06-05 12:46:15
250.0,100.0,2018-04-12 17:27:47
250.0,100.0,2016-06-21 13:21:04
250.0,100.0,2015-12-03 13:27:18
250.0,100.0,2016-06-09 12:25:17
251.0,50.0,2016-09-09 19:11:06
251.0,25.0,2016-01-15 16:12:42
251.0,50.0,2017-02-16 18:15:35
253.0,25.0,2015-08-25 20:56:56
253.0,25.0,2018-02-21 12:27:41
253.0,25.0,2016-01-17 13:58:01
253.0,25.0,2015-03-29 15:29:34
253.0,50.0,2016-01-27 15:13:32
253.0,25.0,2016-05-12 18:15:22
253.0,25.0,2017-12-04 14:57:14
253.0,25.0,2016-05-29 20:42:33
253.0,50.0,2018-02-07 16:10:58
253.0,25.0,2017-07-09 13:19:23
253.0,25.0,2015-08-29 11:12:40
253.0,25.0,2016-08-12 15:49:04
254.0,250.0,2017-11-13 14:54:03
254.0,250.0,2018-05-23 11:34:27
254.0,250.0,2018-02-11 18:39:03
254.0,250.0,2017-08-20 14:00:35
255.0,25.0,2016-05-16 22:44:20
255.0,50.0,2017-10-26 11:02:43
255.0,25.0,2016-09-27 13:25:46
255.0,25.0,2018-02-06 22:39:21
255.0,50.0,2016-09-14 17:00:01
255.0,25.0,2016-10-07 21:24:19
257.0,25.0,2017-12-17 20:45:09
260.0,100.0,2017-12-29 20:28:04
261.0,50.0,2015-06-26 18:15:07
261.0,50.0,2015-08-31 15:50:50
261.0,50.0,2016-04-11 12:20:39
261.0,25.0,2015-09-05 11:46:53
261.0,25.0,2017-02-05 22:33:35
261.0,25.0,2018-04-25 11:50:17
261.0,50.0,2017-01-19 18:48:05
261.0,25.0,2015-04-30 20:09:50
262.0,25.0,2018-02-11 12:18:43
262.0,25.0,2017-11-26 13:52:27
262.0,25.0,2018-04-10 20:48:05
262.0,25.0,2017-08-13 16:57:17
264.0,25.0,2017-04-10 12:15:39
264.0,25.0,2016-02-20 15:38:54
264.0,25.0,2015-03-30 17:40:13
264.0,50.0,2016-09-18 15:00:51
264.0,25.0,2017-01-14 22:15:46
264.0,50.0,2016-03-17 11:26:52
264.0,25.0,2015-05-30 13:43:33
264.0,25.0,2018-05-30 16:01:02
266.0,25.0,2017-03-21 13:21:50
266.0,50.0,2017-08-02 21:40:12
266.0,25.0,2017-08-31 20:36:43
266.0,25.0,2017-01-12 22:37:36
266.0,25.0,2018-01-04 13:58:18
266.0,25.0,2017-01-25 21:59:31
267.0,500.0,2016-04-12 18:17:56
267.0,250.0,2017-06-02 19:56:58
267.0,500.0,2018-02-25 12:13:57
267.0,250.0,2016-06-07 18:33:28
268.0,25.0,2017-10-11 21:04:28
268.0,50.0,2015-08-23 17:17:37
268.0,25.0,2018-03-26 18:52:10
268.0,25.0,2016-09-15 15:18:15
269.0,25.0,2017-11-30 21:51:57
269.0,25.0,2017-03-09 17:54:59
269.0,25.0,2018-05-24 18:19:26
270.0,25.0,2018-02-12 16:09:11
270.0,25.0,2018-02-05 19:49:54
271.0,100.0,2018-02-11 18:58:41
271.0,100.0,2018-01-02 19:14:06
272.0,25.0,2017-03-22 16:04:31
272.0,25.0,2018-02-04 15:39:12
272.0,25.0,2015-07-23 12:45:58
274.0,25.0,2016-05-25 21:31:42
274.0,50.0,2015-02-26 15:17:53
274.0,50.0,2018-05-14 19:42:11
275.0,50.0,2016-11-18 18:58:57
275.0,50.0,2018-02-28 14:32:16
275.0,25.0,2016-10-22 19:18:13
275.0,25.0,2018-03-11 15:03:50
276.0,1000.0,2016-05-07 15:38:35
276.0,1000.0,2018-03-16 16:39:04
276.0,500.0,2018-01-23 21:07:53
276.0,500.0,2016-09-25 20:39:18
276.0,500.0,2018-03-03 11:49:45
276.0,500.0,2018-04-02 11:44:44
276.0,500.0,2015-06-01 17:11:48
276.0,500.0,2017-12-17 15:12:29
276.0,500.0,2016-10-26 18:29:59
276.0,1000.0,2017-11-16 12:09:19
276.0,1000.0,2016-03-08 15:28:07
276.0,1000.0,2016-07-31 19:12:47
276.0,500.0,2017-01-14 20:22:28
276.0,500.0,2015-07-23 19:30:47
276.0,500.0,2017-12-28 20:27:31
277.0,25.0,2015-10-11 20:15:25
277.0,25.0,2017-11-23 14:49:13
277.0,25.0,2015-12-09 12:41:20
277.0,25.0,2016-09-24 18:53:39
277.0,50.0,2015-11-26 16:05:25
277.0,25.0,2017-11-18 14:53:31
277.0,25.0,2018-02-10 19:13:51
277.0,25.0,2017-06-21 16:08:34
277.0,50.0,2016-01-07 13:53:51
277.0,25.0,2017-11-22 16:17:43
277.0,50.0,2016-01-11 21:55:55
277.0,25.0,2017-01-05 13:06:15
277.0,25.0,2016-03-29 20:20:59
277.0,50.0,2017-09-20 17:32:58
277.0,25.0,2017-03-10 14:21:13
278.0,25.0,2015-05-27 21:14:08
278.0,25.0,2018-02-22 16:57:01
278.0,25.0,2018-01-10 16:04:13
278.0,25.0,2015-07-14 13:31:20
278.0,25.0,2017-09-19 12:12:10
278.0,50.0,2017-03-18 19:13:06
278.0,25.0,2017-01-31 17:30:41
278.0,25.0,2016-05-29 16:26:04
278.0,50.0,2017-07-25 17:19:17
278.0,50.0,2018-01-13 17:48:09
278.0,25.0,2017-06-25 12:12:27
278.0,50.0,2017-02-25 22:55:41
280.0,50.0,2018-03-27 15:29:20
280.0,25.0,2016-10-17 11:31:51
280.0,25.0,2016-01-15 21:16:36
280.0,25.0,2017-07-02 19:49:01
280.0,25.0,2016-11-30 12:03:18
280.0,25.0,2018-05-19 19:45:09
280.0,50.0,2015-08-20 22:35:14
280.0,25.0,2015-04-19 13:22:28
283.0,1000.0,2017-05-31 20:45:39
283.0,500.0,2018-03-21 19:21:13
284.0,50.0,2015-08-07 18:10:06
284.0,50.0,2017-04-04 21:34:04
284.0,25.0,2016-04-27 12:06:23
284.0,25.0,2017-08-30 20:38:07
284.0,25.0,2018-02-22 16:13:34
284.0,50.0,2015-10-25 17:14:16
286.0,50.0,2017-11-03 13:39:36
286.0,25.0,2017-08-05 17:41:53
286.0,25.0,2017-07-12 22:50:30
286.0,50.0,2018-01-27 11:11:17
286.0,25.0,2017-06-09 13:42:26
288.0,25.0,2018-03-05 19:29:38
289.0,75.0,2018-01-21 18:22:06
289.0,75.0,2018-05-02 20:10:46
292.0,25.0,2018-02-17 19:24:08
292.0,25.0,2017-12-26 16:15:39
292.0,25.0,2017-07-04 16:10:10
293.0,50.0,2016-10-13 15:11:21
293.0,50.0,2018-01-04 12:32:00
299.0,250.0,2017-09-19 19:35:47
299.0,100.0,2017-04-15 12:33:42
299.0,250.0,2017-04-30 11:12:10
299.0,100.0,2016-08-24 21:47:02
300.0,1500.0,2017-10-29 15:53:59
300.0,1500.0,2018-06-01 13:04:34
300.0,1500.0,2017-12-13 17:21:50
301.0,50.0,2016-08-02 12:31:58
301.0,50.0,2018-04-21 19:33:15
301.0,50.0,2016-08-24 19:19:33
303.0,50.0,2016-03-29 14:50:32
303.0,25.0,2018-02-27 13:20:11
303.0,25.0,2017-10-24 17:37:53
303.0,25.0,2017-03-27 22:07:39
305.0,25.0,2018-04-15 18:34:41
305.0,50.0,2017-04-29 21:41:31
305.0,25.0,2017-03-02 21:42:18
305.0,50.0,2015-08-23 17:17:19
305.0,50.0,2018-04-23 14:18:48
305.0,50.0,2017-08-09 12:02:25
307.0,250.0,2018-03-30 14:22:32
307.0,250.0,2018-05-13 16:16:26
307.0,250.0,2017-11-15 11:40:09
308.0,25.0,2017-06-18 15:44:21
308.0,25.0,2017-07-25 18:35:00
309.0,25.0,2016-07-02 18:44:55
309.0,25.0,2018-02-17 14:42:39
309.0,25.0,2017-01-22 11:01:14
309.0,25.0,2017-04-13 19:27:47
309.0,25.0,2016-10-05 14:08:41
309.0,25.0,2018-04-19 11:16:04
310.0,25.0,2015-08-14 14:40:07
310.0,25.0,2015-02-17 19:44:59
310.0,25.0,2016-07-30 13:51:32
310.0,25.0,2015-03-18 17:31:24
310.0,25.0,2017-06-24 16:27:39
310.0,25.0,2015-10-16 17:35:07
310.0,25.0,2017-05-19 16:50:06
310.0,25.0,2017-10-14 17:07:32
310.0,25.0,2017-05-02 14:37:14
310.0,50.0,2018-04-28 16:22:02
310.0,50.0,2017-01-29 14:36:45
310.0,25.0,2016-09-30 16:01:38
310.0,25.0,2016-03-27 12:44:15
310.0,25.0,2016-05-15 19:58:27
310.0,25.0,2018-03-03 14:12:00
310.0,50.0,2015-08-28 21:31:16
311.0,250.0,2018-02-14 11:57:34
311.0,500.0,2018-01-29 16:14:20
311.0,250.0,2018-02-16 14:35:32
311.0,250.0,2018-01-25 22:18:15
311.0,250.0,2018-05-15 20:08:11
311.0,250.0,2018-04-23 20:54:52
311.0,500.0,2018-04-10 18:22:15
312.0,500.0,2018-02-19 11:20:10
314.0,25.0,2017-03-21 20:24:03
315.0,25.0,2017-06-22 18:28:35
315.0,25.0,2018-02-14 21:26:02
315.0,50.0,2016-05-14 17:40:56
315.0,25.0,2015-06-30 18:45:21
315.0,25.0,2017-08-16 11:50:47
315.0,50.0,2016-12-03 13:26:15
315.0,50.0,2015-03-22 18:16:58
315.0,25.0,2016-01-07 17:16:11
316.0,25.0,2017-08-14 17:43:19
316.0,50.0,2018-02-08 18:55:22
316.0,25.0,2018-05-12 19:35:12
316.0,25.0,2018-04-11 19:55:19
316.0,50.0,2017-12-08 17:17:43
316.0,25.0,2018-01-02 11:50:29
317.0,50.0,2018-01-30 19:18:29
317.0,25.0,2016-09-28 11:24:12
317.0,50.0,2016-05-28 14:30:36
317.0,25.0,2018-01-06 19:50:17
318.0,50.0,2017-12-22 21:49:18
318.0,50.0,2016-12-07 12:03:58
318.0,25.0,2016-09-07 13:54:00
318.0,25.0,2016-05-24 22:05:29
318.0,25.0,2018-05-14 17:46:29
318.0,50.0,2017-10-14 16:19:45
319.0,50.0,2017-12-07 21:31:09
319.0,50.0,2016-05-26 14:03:35
319.0,50.0,2016-09-24 11:57:11
319.0,75.0,2017-11-03 15:40:56
320.0,25.0,2017-06-23 13:11:09
321.0,250.0,2018-04-03 12:00:48
322.0,25.0,2016-04-18 21:19:17
322.0,25.0,2017-06-24 19:22:23
322.0,50.0,2018-02-23 14:09:59
322.0,25.0,2016-02-03 13:43:59
322.0,25.0,2016-05-24 14:11:33
322.0,50.0,2017-11-17 15:44:00
325.0,50.0,2017-07-21 16:18:57
325.0,25.0,2018-04-11 16:54:23
325.0,50.0,2015-11-10 16:04:12
325.0,50.0,2018-02-04 19:52:05
325.0,50.0,2018-01-17 22:27:48
325.0,50.0,2018-02-09 22:14:28
329.0,50.0,2016-05-25 13:31:16
329.0,25.0,2017-06-06 20:55:35
329.0,25.0,2016-04-25 19:30:17
329.0,25.0,2015-12-11 21:25:38
330.0,25.0,2018-03-21 19:11:06
330.0,50.0,2017-12-27 14:17:01
330.0,25.0,2017-11-15 12:04:04
330.0,50.0,2018-04-08 19:42:26
331.0,250.0,2017-02-14 22:39:29
331.0,250.0,2017-08-13 21:16:02
331.0,250.0,2017-01-31 19:45:13
331.0,250.0,2017-01-20 20:57:38
334.0,250.0,2017-04-24 15:25:10
334.0,250.0,2017-07-12 17:08:28
334.0,250.0,2017-05-13 12:49:18
334.0,250.0,2018-02-28 22:21:13
336.0,25.0,2017-08-15 11:43:55
336.0,25.0,2017-12-12 13:34:38
337.0,25.0,2017-06-05 13:58:41
338.0,25.0,2016-07-06 14:25:46
338.0,25.0,2017-02-07 21:06:03
338.0,50.0,2016-04-13 13:55:08
338.0,25.0,2017-03-04 20:45:25
338.0,25.0,2018-03-08 14:47:53
338.0,25.0,2016-03-31 20:37:43
338.0,25.0,2017-06-04 14:20:35
338.0,25.0,2016-03-25 12:14:03
338.0,50.0,2016-08-24 18:40:23
338.0,50.0,2016-09-07 17:33:31
338.0,25.0,2016-10-15 13:40:14
338.0,25.0,2015-05-03 18:56:00
339.0,75.0,2017-06-29 14:59:19
339.0,100.0,2018-03-29 22:01:43
340.0,50.0,2018-04-27 12:03:11
340.0,25.0,2017-06-17 13:21:49
340.0,50.0,2017-12-21 13:02:47
340.0,25.0,2016-11-10 11:59:53
340.0,25.0,2017-04-14 17:12:53
340.0,25.0,2018-03-30 17:35:17
342.0,1000.0,2015-04-11 19:41:13
342.0,1000.0,2015-10-10 16:42:20
342.0,1000.0,2016-04-28 19:52:25
342.0,1500.0,2016-01-01 22:52:42
342.0,1500.0,2017-12-16 22:01:41
342.0,1500.0,2018-02-06 18:41:40
342.0,1000.0,2015-10-17 16:00:59
342.0,1000.0,2016-08-05 22:45:34
342.0,1500.0,2018-04-15 20:41:15
342.0,1000.0,2017-08-01 15:30:50
342.0,1500.0,2015-08-28 17:02:53
342.0,1000.0,2017-11-25 19:55:07
346.0,500.0,2017-08-11 20:54:56
346.0,1000.0,2017-05-28 12:36:49
346.0,1000.0,2017-09-01 20:11:26
346.0,500.0,2016-11-19 12:20:30
347.0,50.0,2017-10-17 17:07:45
349.0,25.0,2018-04-11 16:13:50
349.0,50.0,2017-11-18 15:10:48
350.0,25.0,2018-02-19 12:42:38
350.0,25.0,2018-04-29 13:09:06
351.0,50.0,2018-02-16 11:12:42
352.0,250.0,2017-06-24 20:48:24
352.0,250.0,2017-06-21 12:01:06
352.0,250.0,2016-07-14 15:31:57
352.0,250.0,2017-11-12 22:58:51
352.0,250.0,2017-08-01 15:09:47
352.0,250.0,2016-11-17 18:00:39
354.0,1000.0,2017-07-11 12:33:17
354.0,1000.0,2018-02-15 14:33:10
355.0,1500.0,2018-04-08 19:37:34
355.0,1500.0,2018-01-23 19:04:48
355.0,2000.0,2018-03-10 14:42:14
355.0,1500.0,2017-11-08 11:23:11
357.0,25.0,2017-06-07 11:42:45
357.0,50.0,2017-06-23 14:55:34
357.0,50.0,2017-08-11 16:42:09
357.0,25.0,2016-11-06 17:27:36
359.0,25.0,2018-03-24 15:43:36
359.0,50.0,2017-12-20 11:44:06
359.0,25.0,2018-03-28 15:12:21
362.0,50.0,2017-10-08 14:30:11
362.0,25.0,2017-11-23 18:53:11
365.0,500.0,2018-03-25 21:58:18
365.0,250.0,2018-06-03 12:57:56
365.0,250.0,2017-06-19 17:09:32
365.0,250.0,2017-09-09 20:42:00
365.0,250.0,2017-12-04 15:51:54
365.0,250.0,2018-03-10 17:21:19
366.0,50.0,2017-09-14 14:31:07
366.0,25.0,2017-06-25 18:54:02
366.0,25.0,2017-07-16 12:32:45
367.0,250.0,2017-07-29 11:08:11
367.0,100.0,2017-08-22 12:14:58
367.0,250.0,2017-04-24 14:07:31
367.0,100.0,2017-04-07 22:04:23
368.0,25.0,2017-10-29 14:52:21
368.0,25.0,2016-08-12 20:38:44
368.0,50.0,2017-05-28 21:16:46
368.0,25.0,2018-02-24 19:44:23
368.0,25.0,2016-02-07 20:27:40
368.0,25.0,2017-12-04 19:50:08
368.0,25.0,2017-04-15 20:34:52
368.0,25.0,2016-07-23 19:18:57
369.0,25.0,2018-02-25 22:54:27
369.0,50.0,2018-02-26 22:24:56
369.0,25.0,2017-09-27 22:22:05
370.0,25.0,2016-08-18 20:47:14
370.0,50.0,2017-10-30 20:02:57
370.0,25.0,2015-04-10 16:27:32
370.0,50.0,2016-03-24 22:25:16
370.0,25.0,2016-04-11 19:13:34
370.0,25.0,2018-06-03 18:20:53
370.0,50.0,2015-10-26 15:06:32
370.0,25.0,2016-10-27 12:19:30
370.0,25.0,2018-06-02 22:39:59
370.0,25.0,2016-08-22 17:10:12
370.0,25.0,2017-01-29 16:10:55
370.0,25.0,2016-11-17 11:22:45
373.0,25.0,2017-10-30 13:01:37
373.0,25.0,2018-03-10 19:11:47
374.0,250.0,2018-02-14 22:18:40
374.0,500.0,2018-06-02 21:22:48
375.0,25.0,2016-09-30 19:02:30
375.0,25.0,2017-09-24 20:02:50
375.0,25.0,2015-10-29 17:03:36
376.0,50.0,2018-03-02 20:33:34
378.0,250.0,2016-10-20 12:11:04
378.0,250.0,2017-09-28 21:05:24
378.0,250.0,2017-02-15 22:42:15
378.0,500.0,2016-06-05 19:47:43
381.0,25.0,2017-11-03 22:04:54
381.0,25.0,2016-11-05 11:06:36
381.0,25.0,2016-12-22 13:18:58
381.0,25.0,2016-03-20 13:41:31
382.0,50.0,2018-03-20 11:56:07
382.0,25.0,2018-05-28 16:16:45
382.0,50.0,2017-09-22 19:07:58
382.0,25.0,2017-12-23 16:41:39
382.0,25.0,2017-01-29 17:15:35
382.0,25.0,2018-03-26 19:44:55
382.0,25.0,2017-09-01 19:08:45
382.0,25.0,2016-10-25 17:13:12
387.0,100.0,2017-10-01 14:17:30
387.0,100.0,2018-03-14 17:10:15
388.0,25.0,2018-03-18 16:47:41
389.0,25.0,2015-06-01 16:22:24
389.0,25.0,2016-07-28 21:45:10
389.0,25.0,2017-09-05 15:48:38
389.0,25.0,2017-09-17 13:53:47
389.0,25.0,2017-09-11 18:19:30
389.0,50.0,2016-12-18 14:33:48
389.0,25.0,2018-03-01 15:48:26
389.0,25.0,2016-04-07 22:24:20
389.0,25.0,2017-04-14 16:16:29
389.0,25.0,2016-08-28 11:36:19
389.0,25.0,2016-11-15 14:43:51
389.0,25.0,2018-03-04 20:54:25
390.0,50.0,2017-04-07 20:45:37
390.0,50.0,2015-08-22 11:42:30
390.0,50.0,2016-12-12 17:55:47
390.0,75.0,2016-10-03 12:58:46
391.0,250.0,2018-02-09 20:55:20
391.0,250.0,2015-07-20 19:01:35
391.0,500.0,2017-12-25 12:04:07
391.0,250.0,2016-10-15 20:41:29
391.0,250.0,2017-11-04 15:21:27
391.0,250.0,2017-07-03 20:13:41
391.0,250.0,2017-10-16 14:30:44
391.0,250.0,2015-09-01 19:36:31
392.0,25.0,2015-12-19 12:41:47
392.0,25.0,2017-01-23 20:35:36
392.0,25.0,2017-06-11 20:41:20
393.0,50.0,2017-11-18 18:33:07
393.0,50.0,2018-02-10 22:00:56
398.0,25.0,2016-07-25 12:25:51
398.0,25.0,2018-05-02 21:44:10
398.0,25.0,2018-02-10 22:40:18
398.0,25.0,2017-07-19 16:32:55
400.0,50.0,2015-07-27 13:45:45
400.0,50.0,2017-11-06 14:49:48
400.0,25.0,2017-06-26 22:53:50
400.0,50.0,2015-04-05 15:55:11
400.0,25.0,2017-02-11 15:39:12
400.0,25.0,2017-02-12 17:28:24
400.0,25.0,2017-03-12 15:27:22
400.0,25.0,2016-01-13 14:26:23
400.0,25.0,2017-02-17 16:32:26
400.0,25.0,2017-08-22 18:46:37
400.0,50.0,2017-02-18 14:05:46
400.0,25.0,2015-09-16 13:06:32
400.0,25.0,2016-06-26 11:20:21
400.0,25.0,2016-09-18 20:35:37
400.0,50.0,2017-04-06 14:26:03
400.0,50.0,2017-06-14 22:35:07
401.0,250.0,2018-04-28 21:15:15
401.0,500.0,2018-01-11 21:26:24
401.0,250.0,2017-07-05 19:12:53
401.0,250.0,2017-01-28 22:57:13
403.0,25.0,2016-01-17 19:15:11
403.0,50.0,2015-07-23 22:39:51
403.0,25.0,2015-11-04 13:08:23
403.0,25.0,2015-08-20 13:19:43
403.0,25.0,2016-09-09 11:04:42
403.0,25.0,2017-06-25 19:44:50
404.0,25.0,2017-04-18 20:39:33
404.0,25.0,2016-11-07 19:38:45
404.0,25.0,2017-03-01 15:52:17
404.0,50.0,2017-08-25 22:18:03
404.0,25.0,2018-02-25 16:52:45
404.0,25.0,2018-01-26 17:26:10
404.0,25.0,2017-03-31 15:29:17
404.0,25.0,2017-06-21 15:18:07
405.0,50.0,2015-12-14 18:46:03
405.0,25.0,2017-01-08 15:09:58
405.0,25.0,2017-07-28 21:21:56
405.0,50.0,2016-03-18 14:49:40
405.0,25.0,2015-09-25 11:21:49
405.0,25.0,2017-06-04 13:18:34
405.0,50.0,2018-01-13 12:59:44
405.0,50.0,2015-02-15 18:03:28
405.0,25.0,2015-07-05 20:36:27
405.0,25.0,2017-11-23 16:54:05
405.0,25.0,2017-06-19 22:59:15
405.0,25.0,2018-05-18 12:56:40
405.0,25.0,2015-05-22 15:14:40
405.0,50.0,2018-02-03 13:29:58
405.0,25.0,2016-10-28 12:19:42
405.0,25.0,2017-11-28 11:29:18
405.0,25.0,2016-08-12 18:15:41
405.0,25.0,2016-06-16 16:07:42
405.0,25.0,2015-11-22 15:30:23
405.0,25.0,2018-01-03 15:47:10
405.0,50.0,2015-09-08 20:08:17
405.0,50.0,2016-04-20 14:02:24
405.0,25.0,2015-07-24 13:06:01
405.0,25.0,2016-06-05 12:33:58
406.0,25.0,2017-08-27 14:10:18
406.0,25.0,2017-02-11 19:10:38
406.0,50.0,2018-05-01 19:48:18
406.0,25.0,2016-04-01 19:42:07
409.0,250.0,2018-05-26 18:32:14
409.0,100.0,2017-04-20 14:34:00
410.0,50.0,2018-04-01 19:00:48
410.0,25.0,2018-04-27 19:09:32
413.0,25.0,2018-04-17 11:19:00
413.0,50.0,2018-04-09 15:33:16
413.0,50.0,2018-01-25 21:00:14
414.0,25.0,2017-10-03 17:54:50
414.0,25.0,2017-05-10 22:25:55
414.0,50.0,2017-02-25 21:33:28
414.0,50.0,2017-08-08 18:34:11
416.0,75.0,2017-11-17 11:01:14
416.0,75.0,2017-04-30 13:51:30
416.0,75.0,2017-05-19 20:30:26
416.0,75.0,2017-08-16 18:54:24
416.0,75.0,2017-01-25 13:46:26
416.0,75.0,2015-03-10 12:39:12
416.0,100.0,2017-03-19 14:41:53
416.0,75.0,2018-03-09 20:48:55
419.0,25.0,2018-02-25 13:46:46
419.0,25.0,2017-06-08 17:05:48
419.0,50.0,2016-11-14 13:43:05
419.0,25.0,2018-01-13 21:53:52
419.0,25.0,2018-04-18 19:20:26
419.0,25.0,2017-05-02 16:23:42
419.0,25.0,2017-07-17 14:11:46
419.0,25.0,2016-06-13 15:26:04
424.0,1000.0,2016-11-05 20:03:00
424.0,1000.0,2015-06-27 21:09:23
424.0,1500.0,2017-03-06 14:31:50
424.0,1000.0,2015-03-04 21:14:29
424.0,1500.0,2018-03-23 13:21:31
424.0,1000.0,2015-03-12 12:28:22
424.0,1000.0,2015-07-29 22:30:01
424.0,1000.0,2015-10-09 11:24:16
432.0,100.0,2017-05-14 14:58:23
432.0,100.0,2018-05-03 13:44:19
432.0,250.0,2017-01-23 11:33:41
432.0,100.0,2018-05-16 11:04:26
432.0,100.0,2017-05-26 18:48:25
432.0,250.0,2017-09-07 17:11:51
432.0,250.0,2017-07-23 11:13:41
432.0,100.0,2018-06-03 19:22:54
432.0,100.0,2018-05-14 20:03:08
432.0,100.0,2018-02-13 12:49:39
432.0,250.0,2016-11-28 14:27:28
432.0,100.0,2018-05-11 15:23:14
432.0,250.0,2017-08-07 11:00:37
432.0,100.0,2017-02-20 20:05:42
433.0,25.0,2017-11-12 21:53:52
433.0,50.0,2018-04-24 11:18:53
437.0,25.0,2018-03-31 11:46:26
437.0,25.0,2018-04-04 14:51:01
440.0,25.0,2017-08-26 21:37:47
442.0,25.0,2016-09-29 11:40:56
442.0,25.0,2018-03-11 22:05:40
442.0,25.0,2018-01-11 15:54:19
442.0,25.0,2016-02-26 20:57:38
442.0,25.0,2017-03-23 19:16:28
442.0,25.0,2016-05-03 14:45:40
443.0,250.0,2017-05-04 13:21:19
443.0,500.0,2016-04-14 12:30:35
443.0,250.0,2015-11-24 11:52:46
443.0,250.0,2016-07-26 21:30:11
443.0,500.0,2016-02-05 22:03:19
443.0,250.0,2017-09-28 14:39:10
444.0,1000.0,2017-02-13 13:25:20
444.0,1000.0,2017-10-16 11:33:10
444.0,500.0,2017-09-23 21:04:29
445.0,25.0,2015-08-25 12:40:17
445.0,25.0,2016-06-21 19:54:37
445.0,25.0,2016-12-10 15:36:13
445.0,25.0,2016-03-20 16:36:47
445.0,25.0,2016-01-23 14:36:10
445.0,25.0,2015-02-12 22:00:59
445.0,50.0,2016-09-25 14:54:09
445.0,25.0,2015-03-23 12:52:57
445.0,25.0,2016-04-21 13:53:58
446.0,25.0,2017-12-03 18:52:03
446.0,25.0,2018-02-27 19:22:36
446.0,25.0,2018-04-03 16:49:31
446.0,25.0,2016-02-26 13:24:31
446.0,25.0,2015-10-11 13:12:21
446.0,25.0,2016-06-26 21:32:14
446.0,25.0,2016-02-13 20:41:27
446.0,25.0,2016-06-04 12:40:08
446.0,25.0,2016-12-24 22:32:59
446.0,25.0,2016-06-07 20:35:17
446.0,25.0,2017-10-19 21:13:19
446.0,25.0,2017-03-22 22:34:29
448.0,25.0,2016-11-21 11:18:13
448.0,25.0,2017-10-02 19:46:08
448.0,25.0,2017-11-14 22:18:11
448.0,25.0,2018-02-13 20:02:21
448.0,25.0,2016-09-08 13:00:29
448.0,25.0,2017-08-21 13:04:55
448.0,25.0,2016-09-01 15:52:10
448.0,25.0,2016-12-26 22:21:56
449.0,25.0,2017-10-21 21:31:06
449.0,25.0,2017-12-26 15:09:12
450.0,25.0,2016-01-04 20:28:09
450.0,25.0,2016-05-28 15:18:08
450.0,50.0,2017-06-14 21:56:05
450.0,25.0,2016-08-06 22:40:41
450.0,25.0,2015-10-24 11:51:33
450.0,25.0,2017-02-01 14:57:07
450.0,25.0,2016-01-19 16:27:18
450.0,25.0,2016-01-18 17:09:22
450.0,25.0,2016-11-27 14:41:22
451.0,25.0,2018-02-12 14:18:57
451.0,50.0,2018-04-28 22:42:22
452.0,25.0,2018-01-07 22:50:39
453.0,500.0,2018-05-11 18:29:29
454.0,25.0,2017-09-05 16:27:50
454.0,25.0,2017-05-21 11:18:07
454.0,50.0,2018-04-07 11:14:34
455.0,25.0,2017-12-28 18:46:44
455.0,25.0,2017-11-03 16:56:46
455.0,25.0,2018-05-24 21:56:21
455.0,25.0,2017-11-27 19:07:52
456.0,25.0,2017-04-04 21:58:43
456.0,25.0,2017-01-30 19:03:52
456.0,25.0,2017-10-18 15:39:09
456.0,50.0,2016-08-23 12:58:15
456.0,25.0,2016-10-17 18:43:15
456.0,25.0,2017-06-26 22:50:08
457.0,25.0,2016-12-20 21:03:11
457.0,25.0,2016-04-29 18:24:31
457.0,25.0,2017-12-26 17:15:52
457.0,25.0,2015-11-04 12:57:21
457.0,25.0,2015-08-14 20:24:50
457.0,25.0,2015-09-26 13:13:31
457.0,25.0,2016-06-21 17:18:39
457.0,25.0,2018-03-04 12:13:11
457.0,50.0,2016-11-28 21:20:56
457.0,25.0,2015-12-21 13:26:36
457.0,25.0,2016-11-25 13:28:58
457.0,25.0,2016-06-29 12:20:20
459.0,75.0,2018-05-14 18:14:15
459.0,100.0,2018-04-15 12:07:19
460.0,25.0,2018-04-12 15:38:09
463.0,25.0,2017-04-18 14:58:25
463.0,50.0,2017-12-07 20:22:33
465.0,25.0,2018-02-26 11:19:18
467.0,25.0,2017-09-28 13:06:55
467.0,25.0,2016-10-31 22:56:48
467.0,50.0,2018-01-19 21:10:14
467.0,25.0,2016-11-15 20:48:14
468.0,250.0,2018-04-20 22:55:47
468.0,500.0,2016-07-10 21:52:18
468.0,500.0,2017-09-21 20:36:24
468.0,250.0,2018-04-02 14:34:01
468.0,500.0,2017-05-09 18:26:53
468.0,250.0,2018-05-23 15:48:33
469.0,50.0,2018-03-28 11:04:42
469.0,25.0,2018-04-30 16:18:54
469.0,50.0,2018-03-24 16:12:57
472.0,25.0,2015-06-02 15:30:36
472.0,25.0,2016-09-21 14:31:03
472.0,50.0,2018-04-07 18:11:24
472.0,25.0,2017-03-23 16:12:25
472.0,25.0,2015-09-15 12:00:32
472.0,50.0,2015-02-18 15:06:48
472.0,50.0,2016-05-18 20:02:04
472.0,25.0,2015-07-05 20:23:10
475.0,25.0,2017-11-30 20:04:00
475.0,25.0,2015-08-15 21:36:07
475.0,25.0,2017-03-13 12:36:46
475.0,25.0,2017-12-04 14:40:27
475.0,50.0,2017-06-21 16:43:13
475.0,50.0,2017-11-15 22:26:16
475.0,25.0,2015-09-02 11:51:55
475.0,25.0,2017-06-25 18:14:47
478.0,25.0,2018-04-08 11:02:49
478.0,25.0,2018-04-04 16:28:29
479.0,25.0,2017-12-13 20:18:24
479.0,25.0,2017-09-24 19:50:26
479.0,50.0,2017-06-03 17:08:31
479.0,25.0,2017-04-06 18:53:03
479.0,50.0,2018-05-19 12:15:29
479.0,25.0,2016-12-01 17:53:46
480.0,25.0,2015-11-09 19:51:23
480.0,25.0,2016-11-20 15:28:07
480.0,25.0,2018-02-09 19:52:13
480.0,50.0,2016-07-06 20:44:30
480.0,25.0,2017-03-05 11:41:17
480.0,25.0,2017-08-16 18:09:07
480.0,25.0,2015-12-27 13:16:58
480.0,50.0,2015-09-26 19:33:15
480.0,25.0,2016-08-15 22:42:35
480.0,50.0,2018-02-10 21:01:08
480.0,25.0,2017-03-23 12:09:12
480.0,25.0,2016-11-15 17:37:51
480.0,50.0,2017-07-29 12:20:59
480.0,25.0,2017-10-22 21:16:50
480.0,25.0,2018-01-12 17:45:42
480.0,25.0,2017-10-18 16:20:51
480.0,50.0,2016-03-26 14:31:40
480.0,25.0,2016-09-28 12:56:32
480.0,50.0,2016-07-18 12:50:40
480.0,25.0,2017-06-04 21:22:39
480.0,25.0,2018-03-21 14:42:51
480.0,25.0,2016-02-10 15:25:06
480.0,25.0,2017-07-30 22:56:50
480.0,50.0,2015-08-03 20:49:02
480.0,50.0,2017-03-08 16:46:57
480.0,50.0,2017-03-22 16:35:00
480.0,25.0,2017-12-11 13:16:53
480.0,25.0,2015-12-13 15:13:21
480.0,25.0,2017-08-06 21:02:59
480.0,50.0,2015-04-23 22:21:18
480.0,25.0,2015-07-01 22:49:51
480.0,50.0,2016-05-11 18:15:35
482.0,50.0,2017-12-01 18:32:38
482.0,50.0,2017-04-21 21:10:37
482.0,50.0,2017-07-13 14:41:19
482.0,75.0,2018-05-09 17:54:30
483.0,250.0,2018-04-02 12:30:01
486.0,75.0,2017-07-12 12:29:02
486.0,100.0,2016-02-17 20:27:26
486.0,75.0,2016-03-01 15:57:21
488.0,1500.0,2018-04-15 16:47:08
488.0,1500.0,2017-03-02 20:31:10
490.0,100.0,2017-08-06 12:31:33
490.0,100.0,2017-09-23 18:57:49
491.0,50.0,2017-04-05 18:42:03
491.0,50.0,2016-12-29 22:59:44
491.0,25.0,2016-10-04 22:34:47
491.0,50.0,2016-11-08 18:33:20
491.0,25.0,2016-08-12 11:54:40
491.0,25.0,2017-04-23 19:59:16
491.0,25.0,2018-05-06 15:29:17
491.0,50.0,2016-11-25 13:37:20
492.0,50.0,2018-04-30 16:35:11
492.0,25.0,2017-11-03 11:36:54
492.0,50.0,2018-04-18 20:41:55
493.0,250.0,2017-10-25 18:48:55
493.0,250.0,2017-12-19 11:09:25
493.0,250.0,2018-03-09 19:24:05
493.0,100.0,2018-04-12 18:17:24
494.0,50.0,2017-10-23 21:42:12
494.0,50.0,2017-03-27 17:14:37
494.0,50.0,2015-12-31 13:26:45
494.0,50.0,2017-08-08 15:36:01
494.0,25.0,2016-04-20 15:41:38
494.0,25.0,2018-01-17 22:57:15
494.0,25.0,2016-07-24 18:41:02
494.0,25.0,2017-05-10 21:23:00
494.0,50.0,2017-06-09 17:36:47
494.0,25.0,2015-06-06 21:25:03
494.0,25.0,2017-08-16 21:59:04
494.0,25.0,2016-01-20 15:18:26
494.0,25.0,2016-09-16 12:58:41
494.0,25.0,2016-11-17 20:33:17
494.0,50.0,2017-07-09 21:21:54
494.0,25.0,2017-05-25 14:50:39
495.0,25.0,2016-10-22 14:47:41
495.0,50.0,2016-11-04 16:37:42
495.0,25.0,2016-09-08 17:29:23
495.0,25.0,2018-03-11 12:12:19
495.0,50.0,2016-06-01 22:31:39
495.0,50.0,2015-08-02 14:43:55
495.0,50.0,2017-08-19 13:03:15
495.0,25.0,2015-08-16 19:52:04
496.0,50.0,2018-04-13 14:54:05
496.0,25.0,2017-11-10 22:12:19
496.0,25.0,2018-04-16 17:34:02
498.0,25.0,2017-07-06 20:57:53
498.0,50.0,2017-11-01 17:56:17
498.0,50.0,2017-10-17 17:35:11
499.0,50.0,2016-01-03 15:14:00
499.0,25.0,2017-02-14 14:39:58
499.0,25.0,2016-07-20 19:56:45
501.0,25.0,2018-05-17 15:03:58
501.0,25.0,2016-11-22 14:57:00
501.0,25.0,2017-11-29 15:48:28
501.0,50.0,2018-03-08 17:24:42
501.0,25.0,2016-08-05 12:19:40
501.0,50.0,2018-05-28 12:51:23
501.0,25.0,2017-03-03 17:28:43
501.0,25.0,2017-02-05 17:19:58
502.0,25.0,2017-07-17 15:44:03
502.0,25.0,2018-05-20 14:41:06
503.0,25.0,2018-01-12 22:56:59
503.0,25.0,2017-12-11 12:00:23
504.0,50.0,2018-01-03 21:42:29
504.0,50.0,2017-10-14 22:01:25
504.0,25.0,2017-08-16 20:36:19
504.0,25.0,2017-04-17 15:48:08
507.0,25.0,2018-05-14 19:14:31
509.0,75.0,2017-06-08 12:20:28
509.0,100.0,2017-07-10 15:07:03
509.0,75.0,2017-01-02 15:27:57
509.0,75.0,2017-06-27 14:26:59
509.0,75.0,2017-05-14 18:38:32
509.0,75.0,2018-05-26 19:00:04
509.0,75.0,2017-07-11 21:43:17
509.0,75.0,2017-09-09 20:07:18
510.0,50.0,2017-02-04 13:12:06
510.0,50.0,2018-01-28 12:57:37
510.0,50.0,2018-04-04 13:01:02
511.0,1000.0,2018-03-28 15:32:41
512.0,50.0,2017-10-26 16:24:29
512.0,25.0,2017-11-25 18:33:51
519.0,25.0,2017-10-03 20:44:45
519.0,25.0,2018-01-22 12:56:37
520.0,25.0,2017-05-08 21:58:34
520.0,25.0,2018-01-13 14:48:54
520.0,50.0,2017-07-17 12:50:58
520.0,50.0,2018-03-26 11:17:46
521.0,250.0,2018-03-28 15:50:05
521.0,250.0,2017-08-25 22:27:40
521.0,250.0,2017-06-19 21:31:24
521.0,100.0,2017-05-04 21:11:11
521.0,100.0,2017-11-08 18:16:02
522.0,25.0,2017-08-24 15:38:01
522.0,25.0,2015-02-26 21:38:58
522.0,25.0,2016-05-29 16:24:31
524.0,50.0,2018-05-16 21:29:50
524.0,50.0,2018-05-11 20:20:35
524.0,50.0,2018-05-19 19:47:31
524.0,50.0,2018-03-10 12:48:42
524.0,50.0,2018-04-18 19:54:06
525.0,25.0,2018-01-17 11:22:02
525.0,25.0,2015-09-06 13:07:25
525.0,25.0,2018-03-31 12:42:42
525.0,25.0,2016-10-26 16:10:38
525.0,25.0,2016-01-15 13:14:01
525.0,25.0,2017-02-15 17:02:12
525.0,25.0,2015-11-27 22:59:31
525.0,25.0,2016-05-17 16:15:28
525.0,25.0,2016-04-23 18:59:06
525.0,25.0,2015-05-01 18:38:20
525.0,25.0,2018-05-10 11:05:31
525.0,25.0,2015-05-08 12:50:54
526.0,25.0,2018-02-13 19:04:44
526.0,50.0,2018-04-07 16:07:25
527.0,25.0,2017-06-25 21:47:31
527.0,25.0,2016-10-24 17:30:51
527.0,25.0,2016-11-05 20:49:22
527.0,50.0,2018-04-18 13:29:24
527.0,25.0,2018-04-11 16:45:27
527.0,25.0,2015-05-13 13:27:02
527.0,25.0,2015-03-18 13:47:55
527.0,25.0,2017-06-30 16:30:55
528.0,25.0,2016-05-19 19:58:51
528.0,25.0,2017-10-28 16:09:00
528.0,25.0,2017-08-08 14:35:47
528.0,25.0,2016-08-21 19:21:12
528.0,25.0,2017-08-03 19:44:35
528.0,25.0,2015-09-14 14:41:58
528.0,50.0,2017-07-22 15:24:53
528.0,25.0,2015-05-19 15:23:31
528.0,50.0,2015-05-17 21:41:20
528.0,25.0,2016-02-26 15:10:48
528.0,50.0,2018-02-24 17:24:49
528.0,50.0,2017-05-10 12:13:14
529.0,25.0,2017-06-15 16:54:08
529.0,50.0,2018-03-08 19:11:23
529.0,25.0,2018-05-04 15:42:07
529.0,25.0,2017-09-24 17:13:41
533.0,25.0,2016-09-13 22:21:22
533.0,50.0,2016-09-23 19:26:56
533.0,25.0,2018-05-29 22:44:55
533.0,25.0,2018-05-20 14:12:05
533.0,50.0,2018-01-20 21:54:24
533.0,25.0,2015-12-11 21:42:42
536.0,25.0,2017-11-02 13:40:36
536.0,25.0,2016-12-16 13:50:54
538.0,25.0,2017-12-23 11:23:21
538.0,25.0,2018-04-10 15:53:49
539.0,50.0,2017-11-28 21:45:31
540.0,50.0,2017-08-01 17:19:06
540.0,25.0,2017-06-29 21:13:06
540.0,25.0,2017-06-06 12:21:31
540.0,25.0,2016-11-06 17:54:54
540.0,25.0,2018-03-12 15:47:41
540.0,50.0,2017-12-19 13:47:23
541.0,25.0,2017-08-25 12:50:33
541.0,25.0,2017-07-04 17:03:04
543.0,500.0,2017-02-14 19:55:11
543.0,500.0,2017-03-20 14:21:14
543.0,500.0,2016-10-31 15:07:34
543.0,1000.0,2017-07-29 17:50:16
543.0,500.0,2017-01-30 19:02:17
543.0,500.0,2017-02-11 11:05:40
544.0,500.0,2017-09-29 20:04:32
544.0,500.0,2016-01-03 15:58:43
544.0,1000.0,2015-03-08 14:20:20
545.0,25.0,2017-12-26 22:14:02
545.0,25.0,2018-01-20 22:08:23
546.0,25.0,2016-11-01 20:38:12
546.0,50.0,2018-05-03 12:34:07
547.0,250.0,2016-06-01 14:16:43
547.0,250.0,2016-04-12 14:56:17
547.0,250.0,2016-01-09 15:36:48
547.0,250.0,2018-01-17 15:37:58
547.0,250.0,2016-10-06 22:34:31
547.0,500.0,2015-11-25 13:35:54
548.0,25.0,2017-03-08 13:02:29
548.0,25.0,2015-12-06 14:24:16
548.0,50.0,2018-05-17 17:22:59
548.0,25.0,2016-08-08 17:20:22
548.0,50.0,2017-08-01 18:56:49
548.0,50.0,2018-01-07 14:44:34
549.0,25.0,2017-10-03 13:16:49
549.0,25.0,2018-03-12 11:31:15
550.0,75.0,2016-02-27 15:23:30
550.0,75.0,2016-04-03 22:09:16
550.0,100.0,2015-10-08 18:38:57
550.0,100.0,2015-08-30 19:45:04
550.0,75.0,2015-10-11 19:02:28
550.0,75.0,2015-10-18 14:26:04
552.0,25.0,2015-12-20 15:55:48
552.0,25.0,2015-07-18 19:15:20
552.0,25.0,2015-12-24 17:09:01
552.0,25.0,2018-05-21 19:05:26
552.0,50.0,2015-07-18 18:43:26
552.0,25.0,2017-09-13 21:04:30
552.0,50.0,2017-05-31 21:35:20
552.0,25.0,2017-12-11 13:21:43
553.0,25.0,2018-02-26 18:14:21
553.0,50.0,2017-10-24 14:25:11
554.0,250.0,2018-03-05 16:32:30
554.0,100.0,2017-02-25 22:39:28
554.0,250.0,2018-01-26 13:36:06
555.0,25.0,2018-03-01 17:35:17
555.0,25.0,2016-09-17 12:55:19
555.0,50.0,2017-06-12 17:11:40
555.0,25.0,2017-07-07 12:14:03
555.0,50.0,2016-08-04 18:04:00
555.0,25.0,2016-01-16 11:34:04
555.0,25.0,2017-02-13 12:16:12
555.0,50.0,2017-10-28 20:21:28
556.0,25.0,2018-03-04 19:33:12
556.0,50.0,2017-07-03 16:28:12
558.0,25.0,2017-06-01 12:08:46
558.0,25.0,2017-08-08 18:46:04
558.0,25.0,2016-02-26 18:34:01
558.0,25.0,2017-12-23 12:54:09
558.0,25.0,2016-06-27 17:12:29
558.0,25.0,2017-04-11 13:44:22
559.0,25.0,2017-06-19 14:46:02
559.0,25.0,2017-02-06 15:38:17
559.0,50.0,2017-02-27 16:32:55
559.0,25.0,2017-04-18 21:39:15
561.0,250.0,2018-03-08 12:01:25
561.0,500.0,2018-01-23 17:44:32
561.0,500.0,2017-03-10 21:38:38
561.0,250.0,2017-01-07 11:54:01
562.0,1000.0,2017-10-23 21:36:02
563.0,25.0,2016-06-15 17:06:17
563.0,50.0,2018-01-11 18:43:36
563.0,25.0,2017-02-04 15:55:27
563.0,50.0,2017-01-15 20:16:22
563.0,50.0,2017-12-26 21:05:59
563.0,25.0,2016-05-22 16:24:28
564.0,50.0,2018-05-03 18:56:43
565.0,50.0,2017-03-29 17:47:34
565.0,25.0,2017-09-28 17:39:38
566.0,25.0,2017-06-20 21:57:34
566.0,50.0,2017-08-17 14:36:12
566.0,50.0,2018-03-04 21:18:51
566.0,25.0,2017-03-24 21:55:35
566.0,25.0,2017-07-06 12:27:29
566.0,50.0,2017-08-04 13:17:08
567.0,25.0,2018-05-25 22:56:28
567.0,25.0,2017-07-28 20:50:36
568.0,25.0,2018-04-21 15:06:51
569.0,100.0,2017-01-12 21:40:21
569.0,75.0,2017-04-30 19:29:04
569.0,75.0,2016-02-24 15:43:29
569.0,75.0,2017-10-21 21:18:53
570.0,75.0,2015-02-16 19:21:08
570.0,75.0,2018-03-29 11:48:48
570.0,75.0,2017-11-09 14:03:00
570.0,75.0,2015-04-06 18:34:55
570.0,50.0,2017-06-19 12:40:34
570.0,50.0,2017-01-21 18:23:47
570.0,75.0,2017-05-13 15:59:05
570.0,50.0,2018-03-07 12:51:02
572.0,25.0,2018-02-26 22:08:04
574.0,25.0,2017-09-29 11:37:10
574.0,25.0,2017-12-17 16:42:48
578.0,500.0,2018-03-05 17:19:42
578.0,250.0,2018-02-23 13:13:42
579.0,1000.0,2017-05-03 18:21:48
579.0,500.0,2017-08-12 13:22:23
580.0,50.0,2018-01-24 15:07:47
580.0,50.0,2018-01-22 17:26:07
580.0,50.0,2018-05-14 11:57:58
582.0,50.0,2017-06-18 17:01:22
583.0,50.0,2018-03-14 12:57:07
583.0,25.0,2017-12-31 21:41:49
584.0,1500.0,2015-10-06 11:42:40
584.0,1000.0,2016-12-13 14:57:50
584.0,1000.0,2016-03-12 13:49:50
584.0,1500.0,2017-11-02 19:37:11
584.0,1000.0,2015-11-04 13:58:32
584.0,1000.0,2016-08-01 13:41:04
584.0,1000.0,2018-05-08 20:44:23
584.0,1000.0,2017-09-18 18:40:35
584.0,1000.0,2017-06-04 21:42:37
585.0,75.0,2018-01-02 16:45:23
585.0,50.0,2018-01-03 18:59:42
585.0,75.0,2016-01-11 20:34:40
585.0,75.0,2018-01-13 19:33:14
585.0,50.0,2015-09-24 14:25:42
585.0,50.0,2015-11-22 13:40:55
585.0,75.0,2016-06-18 13:39:22
585.0,50.0,2015-05-03 21:22:47
585.0,50.0,2017-03-28 13:20:27
586.0,25.0,2018-03-11 13:45:28
586.0,25.0,2017-11-21 16:48:45
588.0,25.0,2018-03-14 18:07:53
588.0,25.0,2018-04-19 12:33:44
588.0,25.0,2018-03-09 12:36:12
589.0,25.0,2018-04-25 20:41:26
591.0,500.0,2017-10-24 20:05:53
592.0,500.0,2018-01-01 12:11:43
594.0,25.0,2018-02-19 13:23:07
594.0,50.0,2018-05-20 22:33:00
594.0,25.0,2017-11-07 22:20:38
595.0,50.0,2017-10-02 14:29:50
596.0,1000.0,2018-04-02 19:21:39
596.0,1000.0,2017-03-24 13:50:23
596.0,500.0,2017-06-28 15:09:54
596.0,500.0,2017-06-19 12:18:08
597.0,25.0,2018-02-08 20:26:29
597.0,50.0,2018-04-03 11:41:10
598.0,25.0,2017-11-11 21:29:03
598.0,25.0,2018-03-06 17:36:51
598.0,25.0,2017-08-22 13:36:32
603.0,1500.0,2018-02-06 15:56:42
603.0,1500.0,2018-02-06 14:01:50
606.0,50.0,2016-02-22 11:44:09
606.0,25.0,2018-04-12 17:14:21
606.0,25.0,2017-04-08 11:34:10
608.0,25.0,2017-10-07 21:30:59
608.0,25.0,2017-04-18 22:02:27
608.0,25.0,2017-07-21 22:24:08
608.0,25.0,2018-06-01 14:21:32
608.0,25.0,2017-05-28 12:38:28
608.0,50.0,2018-04-06 18:53:47
608.0,50.0,2018-01-04 19:41:23
608.0,25.0,2017-03-23 16:22:06
610.0,25.0,2018-02-24 16:44:03
610.0,50.0,2018-05-24 20:59:21
610.0,25.0,2018-03-31 19:05:27
611.0,500.0,2018-06-01 18:28:55
611.0,500.0,2017-10-15 19:18:27
612.0,25.0,2015-07-18 17:12:16
612.0,25.0,2015-03-17 13:01:02
612.0,25.0,2016-10-07 19:16:38
612.0,25.0,2016-08-29 17:04:31
612.0,50.0,2017-11-26 17:38:20
612.0,25.0,2016-06-04 19:09:07
612.0,25.0,2016-01-10 22:17:18
612.0,50.0,2016-12-26 17:08:39
613.0,1500.0,2018-05-06 22:03:24
613.0,1500.0,2018-05-08 17:04:56
613.0,1500.0,2017-12-19 13:14:57
615.0,25.0,2017-06-19 21:16:00
615.0,25.0,2017-09-10 16:48:11
615.0,25.0,2017-10-05 12:45:21
617.0,25.0,2017-12-29 21:17:00
617.0,25.0,2017-12-24 18:56:42
617.0,50.0,2018-05-02 11:39:27
618.0,50.0,2017-06-02 16:20:03
618.0,25.0,2015-08-30 20:52:06
618.0,25.0,2015-05-04 16:47:42
618.0,25.0,2015-03-16 11:58:19
621.0,50.0,2016-09-02 17:25:26
621.0,50.0,2017-05-08 16:21:56
621.0,25.0,2017-06-03 18:41:20
621.0,50.0,2016-09-07 12:42:45
621.0,25.0,2017-05-04 15:24:49
621.0,25.0,2018-01-26 12:41:16
622.0,25.0,2017-10-27 12:48:35
622.0,25.0,2017-12-04 16:24:41
623.0,100.0,2017-06-01 13:27:15
623.0,100.0,2018-02-01 22:22:11
623.0,250.0,2017-06-29 22:08:36
623.0,250.0,2017-09-05 14:30:21
623.0,100.0,2017-07-01 11:56:24
624.0,25.0,2017-03-29 19:54:04
624.0,50.0,2017-08-05 16:21:18
624.0,25.0,2018-03-28 22:59:18
624.0,50.0,2017-11-28 13:29:33
624.0,25.0,2017-12-31 18:25:40
624.0,25.0,2017-02-05 14:39:43
626.0,25.0,2017-02-12 12:52:16
626.0,25.0,2016-03-06 18:53:45
626.0,25.0,2017-05-03 20:39:30
626.0,25.0,2018-01-26 15:48:08
626.0,25.0,2017-03-25 18:14:39
626.0,50.0,2016-03-13 15:20:26
627.0,25.0,2017-06-23 21:22:44
627.0,25.0,2016-01-17 11:31:10
627.0,25.0,2017-02-04 20:17:32
627.0,50.0,2015-08-03 18:39:17
627.0,25.0,2015-11-09 15:49:47
627.0,50.0,2017-08-14 17:39:59
627.0,25.0,2018-02-23 13:59:35
627.0,50.0,2017-08-18 22:59:51
627.0,25.0,2015-09-18 22:09:03
627.0,25.0,2016-02-18 19:54:09
627.0,50.0,2016-02-05 16:25:11
627.0,25.0,2016-10-11 12:18:26
630.0,50.0,2018-01-02 19:08:57
633.0,25.0,2017-04-10 13:32:19
633.0,25.0,2018-04-04 13:03:34
633.0,50.0,2017-11-18 13:25:51
633.0,25.0,2017-03-23 20:08:59
633.0,25.0,2016-11-24 18:34:42
633.0,50.0,2018-01-24 13:05:31
635.0,50.0,2016-06-21 11:41:21
635.0,25.0,2016-09-01 19:52:23
635.0,50.0,2017-08-24 11:25:36
635.0,50.0,2016-05-04 22:33:23
635.0,25.0,2015-09-23 17:59:36
635.0,50.0,2017-07-18 11:52:40
637.0,25.0,2018-04-26 16:07:15
637.0,50.0,2017-07-28 17:31:15
637.0,50.0,2016-12-04 19:10:15
637.0,25.0,2017-08-31 11:55:15
637.0,25.0,2018-04-29 22:09:13
637.0,50.0,2018-02-08 15:09:34
638.0,25.0,2017-06-29 12:32:36
638.0,25.0,2017-02-09 13:08:00
638.0,25.0,2016-02-24 11:27:44
641.0,25.0,2016-12-16 12:22:17
641.0,50.0,2017-07-22 18:00:11
641.0,25.0,2017-08-05 16:48:59
641.0,50.0,2015-11-16 18:03:16
641.0,50.0,2015-11-26 16:43:15
641.0,25.0,2017-10-19 16:03:21
641.0,25.0,2015-06-11 17:21:00
641.0,25.0,2017-02-17 18:02:30
641.0,25.0,2018-05-11 15:05:46
641.0,25.0,2016-12-03 11:43:33
641.0,25.0,2018-01-24 11:49:10
641.0,25.0,2015-04-02 17:19:51
642.0,50.0,2018-03-21 17:08:59
642.0,25.0,2017-07-06 18:20:23
642.0,25.0,2017-10-31 18:01:23
642.0,25.0,2018-05-14 14:09:20
643.0,25.0,2016-10-03 15:30:14
643.0,25.0,2016-12-25 11:12:27
643.0,25.0,2017-07-26 14:30:33
643.0,25.0,2018-04-23 11:30:54
643.0,25.0,2016-02-09 21:37:27
643.0,25.0,2016-08-26 15:53:10
644.0,25.0,2018-02-08 22:29:21
648.0,25.0,2018-02-28 22:33:23
648.0,25.0,2018-05-12 18:49:40
648.0,25.0,2018-01-08 16:40:38
648.0,50.0,2017-10-30 19:39:58
650.0,75.0,2017-12-12 19:14:44
650.0,75.0,2018-04-21 18:31:46
651.0,25.0,2017-12-10 19:02:06
652.0,75.0,2018-04-11 22:00:21
652.0,75.0,2018-04-26 11:50:27
653.0,50.0,2016-04-02 20:33:42
653.0,50.0,2018-05-29 16:57:30
653.0,25.0,2018-05-22 14:12:20
653.0,25.0,2017-05-16 12:22:34
653.0,25.0,2017-03-03 18:26:02
653.0,25.0,2018-02-05 11:16:01
653.0,25.0,2017-09-29 19:29:21
653.0,25.0,2017-06-16 17:21:59
653.0,50.0,2018-04-28 21:34:05
654.0,25.0,2017-03-29 11:56:00
654.0,25.0,2017-03-15 21:39:12
654.0,25.0,2017-05-31 20:19:36
654.0,25.0,2016-04-23 17:12:17
654.0,50.0,2017-09-10 20:21:24
654.0,25.0,2017-07-08 12:38:54
654.0,25.0,2017-09-04 20:01:05
654.0,25.0,2016-04-05 17:18:08
654.0,25.0,2016-07-05 14:26:33
654.0,25.0,2017-01-08 12:34:04
655.0,500.0,2017-09-14 18:25:50
656.0,25.0,2017-11-27 11:36:01
656.0,50.0,2017-03-30 12:22:47
656.0,25.0,2017-01-24 15:47:36
656.0,25.0,2017-08-08 17:35:00
658.0,1500.0,2017-11-22 18:49:09
658.0,1500.0,2017-03-05 20:17:50
663.0,50.0,2018-03-17 14:28:20
663.0,50.0,2018-02-24 13:59:06
663.0,25.0,2017-09-29 13:26:41
663.0,25.0,2018-05-27 17:26:39
663.0,25.0,2017-11-30 11:23:53
663.0,50.0,2017-01-12 19:36:37
666.0,25.0,2016-03-11 20:50:40
666.0,25.0,2017-10-02 11:07:51
666.0,50.0,2016-01-04 16:41:12
666.0,25.0,2017-05-03 12:54:07
666.0,25.0,2018-02-25 15:55:22
666.0,25.0,2015-04-09 17:47:06
666.0,50.0,2017-07-08 17:43:11
666.0,25.0,2015-03-07 19:24:27
667.0,25.0,2018-05-18 22:58:48
667.0,25.0,2018-03-07 21:23:53
668.0,25.0,2016-10-24 18:58:47
668.0,25.0,2016-09-16 16:44:31
668.0,25.0,2017-09-18 18:09:31
668.0,50.0,2017-02-17 15:44:58
668.0,25.0,2016-08-06 19:39:15
668.0,25.0,2015-02-09 18:45:18
668.0,25.0,2015-02-20 19:15:17
668.0,25.0,2016-01-24 12:25:31
669.0,50.0,2016-01-09 18:11:41
669.0,25.0,2017-05-29 13:16:23
669.0,25.0,2017-07-10 13:28:42
669.0,25.0,2017-02-13 15:17:42
670.0,25.0,2015-11-26 21:24:15
670.0,25.0,2016-01-10 11:32:12
670.0,25.0,2018-02-28 17:12:54
670.0,25.0,2017-08-11 20:52:10
670.0,50.0,2015-07-09 11:34:47
670.0,25.0,2017-08-02 21:48:51
671.0,1500.0,2016-06-04 20:29:33
671.0,1500.0,2016-02-14 21:31:31
671.0,1500.0,2018-05-30 15:47:53
671.0,1500.0,2016-04-19 21:11:29
671.0,1500.0,2016-11-24 20:42:47
671.0,1500.0,2016-03-11 14:31:06
671.0,1500.0,2016-11-26 14:01:16
671.0,2000.0,2016-10-25 12:08:50
671.0,2000.0,2016-07-25 20:48:04
671.0,1500.0,2017-09-18 19:42:20
671.0,1500.0,2016-01-17 19:32:40
671.0,2000.0,2018-04-01 12:39:12
672.0,25.0,2018-04-11 22:03:28
672.0,25.0,2016-07-03 12:23:06
672.0,25.0,2015-05-15 19:02:23
672.0,25.0,2016-01-11 18:23:45
673.0,25.0,2016-09-12 14:03:56
673.0,25.0,2017-07-26 12:37:18
673.0,25.0,2016-09-11 14:46:54
673.0,25.0,2017-09-25 13:43:53
674.0,25.0,2018-03-30 12:01:13
676.0,25.0,2017-11-14 21:19:26
676.0,25.0,2017-12-04 15:49:08
678.0,50.0,2017-12-01 21:19:05
678.0,25.0,2018-03-20 18:03:54
679.0,50.0,2016-11-09 20:48:27
679.0,50.0,2017-01-11 11:54:23
679.0,75.0,2016-10-01 17:10:46
679.0,50.0,2018-05-11 16:27:50
679.0,50.0,2017-08-09 17:51:14
679.0,50.0,2017-11-15 17:22:52
679.0,50.0,2016-12-14 22:47:58
679.0,50.0,2017-10-16 19:10:18
680.0,25.0,2018-02-02 15:59:26
682.0,50.0,2018-04-18 12:35:50
682.0,50.0,2017-07-31 17:57:40
682.0,50.0,2017-11-25 16:45:22
683.0,100.0,2017-08-01 22:43:40
683.0,100.0,2017-10-06 22:27:31
683.0,100.0,2016-07-12 21:05:25
683.0,250.0,2016-02-23 12:28:50
683.0,250.0,2017-11-28 11:28:22
683.0,100.0,2015-12-26 21:52:23
683.0,100.0,2015-04-25 20:29:51
683.0,100.0,2017-05-28 15:14:54
685.0,25.0,2017-06-02 11:19:46
685.0,50.0,2017-07-30 20:25:10
686.0,500.0,2018-04-27 12:00:31
687.0,50.0,2015-07-21 20:40:37
687.0,50.0,2016-07-05 20:34:32
687.0,75.0,2015-03-20 15:36:11
687.0,50.0,2015-09-04 21:25:22
688.0,75.0,2017-02-12 20:14:28
688.0,100.0,2017-03-15 14:30:41
688.0,75.0,2018-01-27 20:29:34
688.0,100.0,2018-05-09 16:42:41
689.0,50.0,2016-04-27 16:37:04
689.0,25.0,2015-03-04 13:31:45
689.0,50.0,2017-06-18 13:52:47
689.0,25.0,2016-12-22 11:51:40
690.0,50.0,2017-10-15 16:53:58
690.0,25.0,2016-10-16 18:32:43
690.0,25.0,2017-07-11 22:34:00
690.0,50.0,2017-09-01 16:25:13
690.0,25.0,2016-01-15 14:54:34
690.0,25.0,2018-06-03 13:18:17
690.0,25.0,2017-03-23 17:11:57
690.0,25.0,2016-04-10 21:24:49
690.0,50.0,2018-02-03 17:39:27
691.0,50.0,2017-12-13 18:50:49
691.0,75.0,2018-05-23 16:38:22
691.0,75.0,2018-05-23 19:43:37
693.0,1000.0,2015-06-02 17:00:04
693.0,500.0,2015-12-08 14:20:51
693.0,500.0,2015-10-27 16:59:48
693.0,1000.0,2015-09-26 20:05:35
693.0,1000.0,2016-08-03 12:35:07
693.0,500.0,2015-03-17 21:46:57
693.0,500.0,2016-11-02 15:27:26
693.0,1000.0,2017-12-01 19:50:48
693.0,500.0,2017-04-17 18:41:45
693.0,500.0,2015-09-10 12:33:31
693.0,500.0,2017-09-14 22:29:23
693.0,500.0,2017-08-26 11:14:28
694.0,25.0,2018-05-19 12:03:56
694.0,25.0,2017-06-02 22:50:03
694.0,25.0,2017-02-26 14:50:50
696.0,25.0,2017-08-06 15:36:31
696.0,25.0,2017-04-30 18:20:39
696.0,25.0,2017-11-15 11:26:45
697.0,25.0,2018-04-14 16:16:18
697.0,25.0,2017-05-21 21:57:35
698.0,100.0,2017-07-06 17:41:40
698.0,250.0,2016-07-31 22:14:58
698.0,250.0,2017-12-14 17:24:54
698.0,100.0,2016-09-24 20:31:14
698.0,250.0,2016-07-24 20:53:52
698.0,100.0,2016-05-30 16:53:48
700.0,50.0,2015-07-02 16:32:51
700.0,25.0,2016-03-05 15:53:50
700.0,25.0,2017-05-06 19:06:35
700.0,25.0,2017-07-02 22:19:38
701.0,75.0,2018-04-05 15:44:33
701.0,75.0,2017-12-27 18:44:03
702.0,50.0,2017-10-27 11:23:20
703.0,50.0,2017-12-16 22:08:28
704.0,25.0,2016-03-26 18:20:25
704.0,50.0,2015-11-21 16:20:06
704.0,25.0,2015-10-22 15:46:14
704.0,50.0,2017-01-21 16:11:15
704.0,25.0,2015-06-25 20:06:25
704.0,50.0,2016-01-18 17:19:59
704.0,25.0,2015-11-21 12:49:10
704.0,25.0,2015-10-13 16:39:25
704.0,25.0,2017-11-12 22:00:19
704.0,25.0,2016-01-24 14:50:23
704.0,25.0,2015-10-25 20:57:26
704.0,25.0,2016-06-20 17:01:09
707.0,50.0,2015-12-10 11:49:27
707.0,50.0,2015-06-13 20:33:41
707.0,25.0,2017-07-31 14:17:49
707.0,25.0,2016-03-01 11:02:47
707.0,25.0,2017-02-13 18:21:53
707.0,50.0,2016-06-21 15:19:46
707.0,25.0,2018-05-23 21:46:51
707.0,25.0,2015-11-11 14:21:57
707.0,25.0,2017-09-14 20:18:56
707.0,25.0,2015-11-05 11:09:53
707.0,25.0,2017-07-29 14:50:25
707.0,25.0,2016-08-24 12:15:02
708.0,50.0,2017-02-21 16:25:55
708.0,25.0,2018-01-05 14:15:24
708.0,25.0,2016-04-29 18:10:52
708.0,25.0,2016-02-09 11:56:17
708.0,25.0,2018-01-09 20:35:53
708.0,25.0,2018-05-22 19:51:46
708.0,25.0,2018-05-20 13:13:02
708.0,25.0,2018-01-11 11:52:40
708.0,25.0,2016-11-20 17:46:48
712.0,25.0,2018-01-16 22:19:41
713.0,1000.0,2016-05-19 20:16:20
713.0,500.0,2017-08-26 17:41:39
713.0,500.0,2016-06-18 20:20:58
713.0,500.0,2016-06-26 13:54:22
713.0,1000.0,2017-01-13 12:53:57
713.0,1000.0,2016-07-02 14:51:51
715.0,250.0,2018-03-21 20:44:02
716.0,100.0,2016-04-13 19:47:35
716.0,100.0,2016-11-26 20:38:49
717.0,25.0,2018-02-02 18:06:00
719.0,250.0,2017-01-23 18:55:13
719.0,250.0,2017-08-07 12:05:29
719.0,250.0,2015-07-21 13:05:04
719.0,250.0,2017-09-25 14:02:00
719.0,250.0,2018-03-08 21:22:11
719.0,250.0,2017-11-14 22:48:48
723.0,25.0,2018-02-16 20:30:18
724.0,100.0,2018-05-21 13:59:14
724.0,100.0,2018-04-22 22:11:03
725.0,50.0,2017-08-22 11:22:14
725.0,50.0,2018-02-20 16:34:25
725.0,50.0,2017-06-09 17:32:49
725.0,75.0,2017-10-13 12:50:51
728.0,50.0,2018-01-18 17:46:56
728.0,50.0,2018-04-26 20:42:47
730.0,25.0,2016-08-21 22:22:34
730.0,50.0,2016-09-18 13:09:30
730.0,25.0,2016-06-06 16:27:46
730.0,25.0,2017-09-15 17:48:54
730.0,50.0,2018-03-03 21:46:23
730.0,25.0,2015-12-16 19:08:56
730.0,25.0,2017-08-20 22:56:12
730.0,25.0,2018-01-18 22:54:23
730.0,25.0,2015-06-22 20:03:47
730.0,50.0,2017-05-04 14:36:27
730.0,25.0,2015-07-09 13:41:43
730.0,25.0,2017-05-30 16:47:56
731.0,250.0,2017-11-06 22:15:58
731.0,100.0,2017-12-26 16:01:04
732.0,25.0,2017-09-02 20:55:30
733.0,25.0,2018-04-04 20:26:21
733.0,50.0,2018-03-05 14:45:12
735.0,100.0,2016-08-25 21:47:38
735.0,100.0,2015-08-15 20:58:58
735.0,100.0,2017-02-28 18:45:25
735.0,250.0,2017-08-23 20:07:06
735.0,100.0,2015-09-01 16:09:17
735.0,100.0,2017-05-05 22:10:31
735.0,250.0,2017-02-23 14:03:12
735.0,250.0,2018-03-31 18:20:11
735.0,100.0,2015-09-27 21:50:43
735.0,250.0,2015-06-13 14:16:48
735.0,100.0,2015-08-29 22:58:19
735.0,100.0,2015-02-19 12:19:20
736.0,25.0,2018-04-13 15:10:43
737.0,25.0,2016-11-16 22:59:59
737.0,25.0,2016-11-30 22:10:32
738.0,100.0,2017-11-24 22:16:46
738.0,100.0,2018-02-15 20:26:52
739.0,25.0,2018-04-18 12:48:51
739.0,25.0,2018-05-30 11:42:09
739.0,25.0,2017-02-15 11:43:10
739.0,25.0,2016-12-21 16:00:02
739.0,25.0,2018-01-11 13:46:49
739.0,25.0,2017-06-17 20:34:59
739.0,25.0,2017-04-21 12:29:00
739.0,25.0,2017-01-15 21:43:49
741.0,100.0,2018-05-29 17:44:48
741.0,250.0,2016-12-05 13:40:57
741.0,100.0,2015-03-24 22:16:13
741.0,250.0,2015-10-03 20:14:55
741.0,100.0,2015-07-26 17:26:48
741.0,250.0,2018-05-16 16:51:48
741.0,100.0,2015-05-27 17:04:08
741.0,100.0,2018-04-05 15:11:17
742.0,25.0,2015-04-30 13:50:07
742.0,25.0,2016-03-30 18:32:53
742.0,50.0,2018-03-07 16:19:01
742.0,25.0,2016-07-25 22:21:40
742.0,50.0,2018-02-05 12:14:30
742.0,25.0,2016-02-07 19:19:25
742.0,25.0,2016-12-06 18:18:07
742.0,25.0,2016-04-20 16:28:02
742.0,25.0,2015-06-01 20:22:43
742.0,25.0,2018-03-15 21:14:32
742.0,25.0,2015-12-31 13:28:48
742.0,25.0,2017-06-30 21:46:27
743.0,25.0,2018-05-08 17:05:48
743.0,25.0,2018-02-27 18:09:27
743.0,50.0,2018-04-14 19:24:48
743.0,50.0,2018-04-28 12:27:09
745.0,250.0,2018-03-30 17:22:04
745.0,250.0,2017-12-13 20:59:38
745.0,250.0,2018-01-28 18:40:29
747.0,25.0,2017-10-03 21:52:23
747.0,50.0,2017-07-31 19:33:52
749.0,100.0,2018-03-20 22:32:12
754.0,1500.0,2015-11-21 17:24:57
754.0,1500.0,2015-12-17 16:27:58
754.0,1500.0,2017-10-14 11:05:37
754.0,1500.0,2015-06-03 22:28:13
756.0,250.0,2017-10-23 11:17:11
756.0,250.0,2017-04-30 20:39:50
756.0,250.0,2017-06-25 19:08:24
756.0,500.0,2017-12-29 18:39:55
756.0,250.0,2017-03-13 21:23:24
756.0,500.0,2018-02-10 18:05:05
756.0,500.0,2017-10-14 17:25:26
756.0,250.0,2018-05-22 15:41:53
757.0,50.0,2018-04-28 16:45:11
757.0,25.0,2018-04-14 16:20:14
757.0,25.0,2018-05-22 19:20:51
757.0,50.0,2018-05-22 21:47:53
760.0,25.0,2018-01-07 16:14:59
760.0,50.0,2017-11-03 16:19:55
761.0,25.0,2017-04-28 14:13:25
761.0,25.0,2017-04-19 12:00:56
762.0,25.0,2016-03-17 21:08:08
762.0,25.0,2018-02-09 14:27:54
762.0,50.0,2016-01-06 21:17:20
762.0,25.0,2015-12-30 18:12:50
763.0,50.0,2018-05-16 19:02:42
763.0,25.0,2017-06-03 12:32:29
763.0,25.0,2017-12-03 19:01:18
764.0,25.0,2018-04-07 17:31:06
764.0,25.0,2018-03-02 22:34:13
764.0,25.0,2018-02-13 20:25:40
766.0,25.0,2018-04-03 21:36:00
766.0,50.0,2017-12-25 18:48:57
766.0,25.0,2017-11-24 11:45:20
767.0,25.0,2017-12-30 21:12:36
767.0,25.0,2018-01-01 11:54:00
767.0,25.0,2018-02-06 22:48:51
768.0,1000.0,2017-08-09 22:04:43
768.0,1500.0,2018-02-09 16:45:38
769.0,50.0,2017-07-05 21:46:54
769.0,25.0,2017-04-05 15:54:21
769.0,25.0,2016-10-23 16:17:02
769.0,25.0,2016-12-15 16:09:50
769.0,25.0,2015-12-30 11:20:53
769.0,50.0,2018-03-27 11:05:32
769.0,50.0,2016-12-31 20:18:37
769.0,25.0,2017-07-13 15:22:11
769.0,50.0,2017-11-11 20:58:15
769.0,50.0,2015-05-01 22:53:41
769.0,25.0,2017-08-20 18:26:30
769.0,25.0,2018-05-28 22:26:47
770.0,25.0,2016-07-27 18:56:30
770.0,25.0,2016-04-30 22:35:23
770.0,25.0,2017-02-27 11:41:21
770.0,50.0,2015-10-29 15:40:32
770.0,25.0,2017-09-27 21:45:03
770.0,25.0,2018-05-10 22:19:21
770.0,25.0,2017-07-11 15:22:48
770.0,25.0,2018-02-16 20:06:44
770.0,25.0,2016-08-13 16:26:42
772.0,50.0,2016-12-13 16:57:45
772.0,50.0,2017-08-25 16:36:54
772.0,50.0,2017-02-19 22:50:49
772.0,50.0,2017-12-04 12:11:28
772.0,25.0,2018-01-06 21:25:29
772.0,50.0,2018-05-29 20:41:02
773.0,25.0,2017-03-27 16:04:24
773.0,25.0,2017-05-28 12:54:54
773.0,25.0,2017-10-21 14:38:24
774.0,25.0,2018-04-16 16:12:36
774.0,25.0,2016-05-07 12:22:39
774.0,50.0,2015-07-18 15:49:48
774.0,50.0,2018-04-25 19:20:18
774.0,25.0,2017-12-31 15:16:03
774.0,25.0,2017-05-17 22:16:16
774.0,25.0,2016-09-19 19:31:41
774.0,50.0,2017-02-04 12:23:42
774.0,25.0,2017-08-13 18:24:57
774.0,50.0,2016-01-15 15:45:33
774.0,25.0,2017-10-28 17:15:57
774.0,25.0,2017-04-05 18:04:07
774.0,50.0,2018-01-27 13:06:07
774.0,25.0,2015-10-02 22:14:22
774.0,50.0,2016-01-10 18:01:19
774.0,50.0,2017-05-11 11:20:58
774.0,50.0,2015-12-16 20:26:25
774.0,25.0,2017-03-28 21:57:20
774.0,50.0,2016-12-11 14:31:21
774.0,25.0,2018-02-04 14:58:14
774.0,25.0,2016-02-25 19:47:32
774.0,25.0,2015-05-05 15:38:22
774.0,25.0,2017-05-13 22:23:07
774.0,50.0,2017-07-09 15:01:06
774.0,25.0,2016-07-28 17:20:38
774.0,25.0,2016-05-14 15:08:15
774.0,25.0,2016-03-04 18:02:49
774.0,25.0,2016-04-30 20:53:02
774.0,25.0,2016-05-19 11:52:40
774.0,50.0,2016-06-15 14:38:54
774.0,25.0,2017-04-10 18:25:23
774.0,25.0,2015-12-12 11:58:07
774.0,50.0,2015-10-03 15:09:45
774.0,25.0,2015-07-15 15:22:54
774.0,25.0,2015-04-02 16:00:22
774.0,50.0,2016-03-30 15:22:25
775.0,100.0,2018-01-11 22:15:40
775.0,75.0,2018-01-07 19:51:57
775.0,75.0,2018-01-10 15:38:47
776.0,50.0,2017-06-03 19:57:06
776.0,50.0,2016-03-28 14:07:50
776.0,25.0,2016-04-15 15:50:10
776.0,25.0,2017-02-12 16:37:56
776.0,50.0,2018-05-30 17:51:55
776.0,25.0,2017-05-07 20:27:34
778.0,50.0,2016-09-25 15:48:35
778.0,25.0,2017-10-26 21:54:49
778.0,25.0,2018-02-14 15:42:13
778.0,25.0,2017-08-14 15:01:46
778.0,25.0,2018-01-16 17:19:57
778.0,25.0,2017-09-03 17:47:40
779.0,25.0,2017-07-07 19:15:09
779.0,50.0,2015-07-19 22:03:45
779.0,25.0,2016-05-01 17:51:56
779.0,50.0,2017-07-30 19:37:39
779.0,25.0,2017-11-05 14:10:26
779.0,50.0,2017-10-04 22:58:02
779.0,50.0,2018-01-30 20:51:18
779.0,50.0,2018-01-12 13:22:25
779.0,25.0,2017-09-13 12:21:43
779.0,50.0,2016-05-25 21:18:18
779.0,50.0,2015-04-02 13:02:59
779.0,25.0,2015-08-27 18:48:10
781.0,50.0,2016-07-25 13:11:02
781.0,50.0,2016-03-01 20:09:23
781.0,50.0,2017-05-17 19:59:37
781.0,50.0,2018-06-01 19:45:54
781.0,50.0,2016-06-02 18:58:40
781.0,75.0,2017-09-12 12:06:29
781.0,75.0,2016-02-19 17:56:19
781.0,75.0,2017-06-18 13:47:29
781.0,50.0,2016-04-11 21:54:36
782.0,500.0,2018-02-23 19:55:13
782.0,1000.0,2018-03-12 13:19:35
782.0,500.0,2017-09-06 12:41:03
782.0,500.0,2017-12-13 19:09:11
782.0,1000.0,2017-11-18 16:58:07
784.0,50.0,2017-12-01 19:59:09
788.0,50.0,2018-02-03 22:17:14
788.0,25.0,2017-12-13 19:10:47
788.0,50.0,2017-03-23 19:04:37
788.0,25.0,2015-05-16 15:00:28
788.0,50.0,2017-01-28 12:38:50
788.0,25.0,2017-04-21 18:38:06
788.0,50.0,2016-11-17 14:04:28
788.0,50.0,2015-06-24 16:54:41
790.0,50.0,2018-02-10 16:06:50
792.0,25.0,2017-11-26 19:13:09
792.0,25.0,2017-11-28 18:56:01
799.0,1000.0,2018-04-01 12:46:12
801.0,500.0,2017-12-04 14:48:22
801.0,1000.0,2018-05-26 16:21:53
801.0,500.0,2017-12-16 16:25:53
802.0,25.0,2018-04-11 16:58:15
802.0,25.0,2017-03-23 17:41:18
802.0,25.0,2017-01-14 21:23:58
802.0,25.0,2017-05-19 13:35:31
804.0,25.0,2018-03-07 16:35:01
804.0,25.0,2018-05-25 16:31:34
805.0,25.0,2018-03-06 11:12:42
805.0,25.0,2017-07-22 15:29:16
807.0,25.0,2018-01-05 18:57:34
807.0,25.0,2017-12-31 18:29:28
808.0,50.0,2017-08-23 19:34:54
808.0,25.0,2016-08-19 15:22:01
808.0,50.0,2016-10-06 21:51:00
808.0,50.0,2018-04-01 12:38:12
811.0,25.0,2018-02-15 16:10:39
814.0,50.0,2017-09-19 22:17:58
816.0,25.0,2017-05-29 19:35:00
816.0,25.0,2017-10-27 12:51:35
816.0,50.0,2017-05-24 20:09:40
816.0,50.0,2017-04-06 11:09:51
818.0,50.0,2015-11-24 14:32:25
818.0,25.0,2016-11-10 20:29:46
818.0,50.0,2017-12-05 15:09:20
818.0,50.0,2015-12-01 12:43:32
818.0,25.0,2016-11-15 21:46:46
818.0,25.0,2017-02-03 12:11:13
818.0,25.0,2015-05-01 20:30:58
818.0,50.0,2017-05-22 12:39:47
818.0,25.0,2017-11-06 11:22:56
818.0,50.0,2015-08-03 21:15:30
818.0,25.0,2017-01-18 19:51:43
818.0,25.0,2017-11-15 15:26:15
818.0,50.0,2017-04-26 17:04:37
818.0,25.0,2015-04-30 13:37:02
818.0,50.0,2016-07-16 14:45:57
818.0,50.0,2016-02-14 16:20:19
822.0,25.0,2018-03-26 18:57:31
822.0,25.0,2017-08-25 13:48:35
825.0,50.0,2018-04-03 18:39:47
825.0,25.0,2018-04-27 20:10:01
827.0,1500.0,2018-01-01 16:07:43
827.0,2000.0,2018-01-13 22:53:00
830.0,50.0,2018-01-28 20:52:40
830.0,25.0,2017-06-04 16:14:57
830.0,25.0,2017-06-10 22:42:44
830.0,25.0,2017-09-23 17:54:34
830.0,50.0,2017-01-24 13:54:21
830.0,50.0,2017-08-12 12:22:26
831.0,50.0,2018-06-03 20:16:34
833.0,100.0,2018-03-30 12:48:35
833.0,100.0,2016-10-23 22:42:24
833.0,250.0,2016-12-15 14:24:00
833.0,250.0,2017-08-26 11:32:02
836.0,25.0,2015-11-22 22:34:58
836.0,25.0,2016-01-20 21:50:43
836.0,50.0,2017-03-26 22:24:35
836.0,50.0,2018-01-08 12:50:41
836.0,50.0,2015-11-10 22:56:16
836.0,25.0,2018-05-25 18:07:27
836.0,25.0,2017-06-28 22:36:58
836.0,25.0,2016-01-03 18:09:23
836.0,25.0,2015-08-04 14:27:12
836.0,25.0,2018-05-15 12:29:28
836.0,50.0,2015-03-02 18:37:53
836.0,50.0,2015-06-05 13:17:55
838.0,25.0,2018-05-06 21:57:03
838.0,25.0,2018-01-03 18:16:15
838.0,25.0,2017-11-11 16:46:15
838.0,25.0,2018-05-14 17:19:05
839.0,25.0,2017-12-10 22:41:38
839.0,50.0,2017-11-24 18:09:20
839.0,25.0,2018-02-19 18:13:07
840.0,100.0,2018-04-08 18:28:15
840.0,100.0,2018-03-03 11:02:38
840.0,100.0,2018-02-22 12:46:31
844.0,25.0,2017-08-08 19:45:47
844.0,50.0,2017-05-31 16:40:43
845.0,25.0,2017-07-31 13:32:34
845.0,25.0,2018-03-15 16:01:27
845.0,25.0,2017-05-10 17:39:31
846.0,100.0,2017-10-19 17:30:44
846.0,100.0,2017-11-05 14:53:03
848.0,25.0,2016-07-24 11:48:36
848.0,25.0,2017-04-27 20:50:20
848.0,50.0,2018-05-27 16:32:31
848.0,25.0,2017-08-21 21:51:14
848.0,25.0,2017-09-27 17:56:48
848.0,50.0,2017-07-20 13:50:27
848.0,25.0,2017-08-24 21:02:19
848.0,50.0,2017-02-11 18:51:37
848.0,25.0,2016-08-27 18:34:28
848.0,50.0,2018-01-27 11:40:43
848.0,25.0,2017-01-02 18:33:21
848.0,50.0,2017-10-30 14:26:28
849.0,50.0,2018-04-30 18:20:18
849.0,50.0,2018-01-01 18:12:55
850.0,50.0,2018-04-08 14:01:33
854.0,25.0,2017-01-02 19:51:26
854.0,50.0,2017-04-24 20:31:49
856.0,50.0,2017-10-03 19:09:09
856.0,25.0,2017-10-01 22:03:21
857.0,500.0,2017-04-05 11:02:46
857.0,1000.0,2016-11-06 19:22:26
857.0,500.0,2016-09-23 21:38:23
857.0,500.0,2017-09-17 20:08:02
858.0,2000.0,2018-02-10 21:25:02
858.0,2000.0,2018-03-20 14:39:38
858.0,2000.0,2016-02-01 18:03:56
858.0,1500.0,2016-12-22 19:58:08
858.0,2000.0,2017-06-01 12:19:35
858.0,2000.0,2016-01-31 14:06:42
858.0,1500.0,2017-08-29 19:36:23
858.0,1500.0,2016-09-11 14:25:22
860.0,50.0,2018-04-03 14:48:24
861.0,250.0,2018-02-12 15:11:20
861.0,100.0,2017-08-28 22:16:38
862.0,1000.0,2018-02-24 17:13:12
862.0,500.0,2018-03-02 16:27:41
862.0,500.0,2017-12-29 18:16:16
864.0,500.0,2018-05-06 22:13:09
866.0,250.0,2017-05-07 18:52:32
866.0,250.0,2016-11-05 15:47:06
866.0,250.0,2016-07-13 19:13:33
866.0,250.0,2017-05-24 22:53:26
867.0,25.0,2018-02-20 17:29:15
868.0,25.0,2017-03-11 21:04:16
868.0,50.0,2017-06-06 21:35:00
868.0,50.0,2017-10-09 14:06:06
868.0,25.0,2017-02-03 21:46:33
871.0,25.0,2018-01-26 21:10:09
872.0,50.0,2015-03-15 17:25:14
872.0,25.0,2017-12-15 17:30:50
872.0,50.0,2015-07-17 16:08:50
872.0,50.0,2016-09-28 12:48:49
872.0,25.0,2016-01-19 15:02:39
872.0,25.0,2016-12-23 16:05:19
872.0,25.0,2017-10-06 14:36:10
872.0,50.0,2016-09-20 19:52:48
872.0,25.0,2016-12-03 21:04:56
872.0,25.0,2017-10-17 21:08:56
872.0,25.0,2018-02-25 20:42:57
872.0,50.0,2015-10-04 12:25:23
874.0,25.0,2016-10-18 19:12:18
874.0,25.0,2016-07-12 11:27:48
874.0,25.0,2016-09-07 16:28:34
874.0,25.0,2017-02-08 18:01:35
874.0,25.0,2016-12-27 16:35:56
874.0,50.0,2015-11-04 15:16:54
874.0,25.0,2018-05-01 16:07:16
874.0,25.0,2016-12-27 22:19:13
874.0,25.0,2017-11-13 21:22:03
874.0,50.0,2016-04-13 13:43:59
874.0,50.0,2016-07-26 18:23:33
874.0,25.0,2017-03-02 11:12:47
875.0,250.0,2016-06-22 17:31:24
875.0,500.0,2016-05-02 11:46:14
877.0,50.0,2015-05-17 22:00:42
877.0,50.0,2018-02-01 12:48:24
877.0,25.0,2017-08-28 20:48:25
877.0,25.0,2017-03-19 14:03:16
883.0,25.0,2018-04-26 17:40:49
886.0,50.0,2018-05-30 15:09:22
887.0,25.0,2016-10-25 15:09:24
887.0,25.0,2016-08-10 13:10:42
887.0,25.0,2017-05-05 16:41:31
887.0,25.0,2017-05-31 19:02:05
887.0,25.0,2016-08-19 12:03:06
887.0,25.0,2017-08-14 18:28:37
887.0,25.0,2016-12-26 19:42:00
887.0,25.0,2017-09-28 11:34:01
889.0,250.0,2016-09-10 11:44:56
889.0,250.0,2017-08-17 22:15:55
889.0,100.0,2016-10-17 17:44:29
889.0,100.0,2018-01-18 17:34:18
892.0,25.0,2016-01-04 15:57:48
892.0,25.0,2017-06-15 16:00:11
892.0,25.0,2016-04-22 15:43:52
892.0,50.0,2017-11-24 16:36:57
892.0,50.0,2017-07-16 12:13:27
892.0,50.0,2016-08-14 14:38:01
897.0,50.0,2018-02-16 21:43:59
897.0,50.0,2018-05-22 21:44:02
897.0,50.0,2017-07-31 16:05:34
898.0,25.0,2016-11-16 13:26:40
898.0,25.0,2017-08-25 17:20:13
898.0,25.0,2017-08-25 19:19:06
898.0,50.0,2016-05-02 22:51:10
898.0,25.0,2016-08-02 19:42:20
898.0,50.0,2017-01-03 11:33:57
898.0,50.0,2016-06-13 14:38:16
898.0,25.0,2016-11-11 17:53:35
898.0,25.0,2015-11-04 14:51:47
898.0,25.0,2015-09-18 14:48:26
898.0,25.0,2018-01-30 11:35:55
898.0,25.0,2017-12-19 15:23:48
898.0,50.0,2017-04-15 19:09:52
898.0,25.0,2018-04-22 14:05:13
898.0,50.0,2016-07-10 13:02:16
898.0,50.0,2016-07-10 21:10:52
898.0,50.0,2015-04-27 20:48:02
898.0,50.0,2015-11-11 13:32:43
898.0,25.0,2017-07-21 22:09:33
898.0,25.0,2015-04-11 17:50:38
900.0,2000.0,2016-12-12 12:49:35
900.0,2000.0,2018-01-01 15:18:46
900.0,2000.0,2017-10-08 15:48:59
900.0,2000.0,2016-08-30 11:06:17
902.0,25.0,2018-02-27 17:14:16
902.0,50.0,2016-09-30 20:18:26
902.0,25.0,2015-04-06 20:34:20
902.0,25.0,2018-02-24 17:03:46
903.0,500.0,2016-10-27 16:19:08
903.0,250.0,2016-11-23 16:53:30
903.0,250.0,2016-12-08 15:34:02
903.0,250.0,2018-01-06 19:05:12
903.0,250.0,2017-01-28 16:52:23
903.0,250.0,2017-07-12 18:36:30
903.0,250.0,2018-03-29 12:23:03
903.0,250.0,2017-10-18 19:09:56
905.0,25.0,2017-07-24 21:47:24
905.0,25.0,2017-01-19 22:48:24
905.0,25.0,2015-06-08 21:54:38
905.0,25.0,2017-07-25 15:36:05
905.0,25.0,2016-02-17 21:44:48
905.0,50.0,2017-06-04 12:20:19
905.0,25.0,2018-05-20 19:25:49
905.0,25.0,2015-09-09 13:25:17
913.0,100.0,2017-07-04 22:10:34
913.0,100.0,2018-02-13 18:13:14
914.0,25.0,2017-03-09 19:54:10
914.0,50.0,2015-08-02 18:57:40
914.0,25.0,2015-06-10 13:37:25
914.0,25.0,2015-06-15 11:22:58
914.0,25.0,2017-06-27 20:16:56
914.0,25.0,2017-09-25 13:14:01
914.0,50.0,2017-03-07 21:03:18
914.0,25.0,2018-05-02 21:56:41
914.0,25.0,2018-04-22 19:30:36
914.0,25.0,2017-08-27 14:16:53
914.0,50.0,2016-11-08 18:09:17
914.0,25.0,2018-02-01 14:15:20
915.0,50.0,2015-04-03 19:12:49
915.0,25.0,2018-04-15 15:42:07
915.0,25.0,2017-08-02 17:33:05
915.0,25.0,2016-12-15 18:54:36
915.0,25.0,2015-02-11 14:30:57
915.0,25.0,2015-11-11 15:09:36
915.0,25.0,2017-12-19 18:36:43
915.0,25.0,2017-02-03 20:12:04
916.0,25.0,2018-02-19 22:11:57
916.0,25.0,2017-10-31 18:05:00
918.0,50.0,2017-12-05 16:27:22
919.0,100.0,2017-09-03 11:35:58
919.0,100.0,2017-08-31 14:36:16
920.0,50.0,2018-06-01 18:13:15
920.0,50.0,2017-08-05 19:29:39
922.0,25.0,2017-12-17 16:05:56
922.0,25.0,2018-03-16 22:42:15
923.0,25.0,2017-05-21 13:51:24
923.0,25.0,2017-01-07 19:19:47
923.0,25.0,2016-10-09 11:05:53
923.0,25.0,2017-02-05 14:59:37
923.0,25.0,2016-10-14 18:08:34
923.0,25.0,2015-12-20 12:37:37
923.0,25.0,2015-10-03 14:14:55
923.0,25.0,2017-02-01 12:26:37
923.0,50.0,2015-07-21 11:38:35
927.0,25.0,2018-01-08 22:49:49
927.0,25.0,2017-05-08 13:54:59
928.0,25.0,2017-08-31 13:59:37
928.0,50.0,2018-05-07 15:39:28
928.0,50.0,2017-09-19 15:40:57
929.0,500.0,2015-10-11 15:31:52
929.0,1000.0,2015-06-04 19:31:50
929.0,500.0,2017-12-30 21:05:56
929.0,500.0,2015-12-07 12:56:59
929.0,500.0,2017-04-19 18:16:07
929.0,500.0,2016-06-17 15:21:25
929.0,500.0,2018-04-10 13:04:21
929.0,1000.0,2017-01-13 22:54:20
929.0,500.0,2017-11-04 20:15:38
933.0,100.0,2017-02-05 19:05:12
933.0,250.0,2016-01-11 17:23:17
933.0,250.0,2016-07-22 14:25:05
933.0,100.0,2015-12-16 14:12:39
933.0,250.0,2017-08-27 16:07:02
933.0,100.0,2016-10-03 22:20:32
937.0,2000.0,2016-07-19 19:32:37
937.0,1500.0,2017-11-16 20:12:22
937.0,2000.0,2017-11-01 21:44:00
937.0,1500.0,2016-10-07 19:15:09
937.0,2000.0,2018-02-18 15:04:05
937.0,2000.0,2018-05-14 17:47:57
937.0,1500.0,2017-01-19 13:18:59
937.0,1500.0,2017-08-04 12:51:11
937.0,1500.0,2015-07-31 16:49:59
937.0,1500.0,2018-05-19 19:56:14
937.0,1500.0,2017-11-09 16:16:09
937.0,2000.0,2016-06-04 14:53:36
938.0,25.0,2018-05-24 19:46:43
938.0,25.0,2017-06-22 18:02:51
938.0,25.0,2016-10-10 18:41:35
938.0,25.0,2016-11-20 12:36:11
938.0,25.0,2018-05-20 12:38:49
938.0,25.0,2017-12-01 17:28:01
938.0,50.0,2017-09-13 21:46:15
938.0,50.0,2015-07-25 12:47:19
939.0,500.0,2017-03-05 15:19:35
939.0,1000.0,2018-01-07 13:47:56
939.0,500.0,2018-04-26 11:17:42
939.0,500.0,2017-04-06 22:23:42
939.0,500.0,2017-07-09 20:33:32
939.0,500.0,2018-05-15 21:14:38
941.0,25.0,2016-12-24 13:25:42
941.0,50.0,2017-06-20 11:08:55
941.0,25.0,2017-04-14 18:44:02
941.0,50.0,2018-04-20 18:22:43
942.0,250.0,2015-05-01 15:14:38
942.0,250.0,2016-09-26 19:39:59
942.0,250.0,2016-12-17 18:01:01
942.0,250.0,2017-04-25 13:36:54
942.0,250.0,2015-12-27 21:14:20
942.0,250.0,2015-05-21 19:30:31
942.0,250.0,2015-12-15 19:55:05
942.0,250.0,2017-02-21 15:11:38
943.0,50.0,2018-05-18 16:12:12
943.0,25.0,2018-05-24 19:49:07
943.0,25.0,2017-12-24 14:04:14
943.0,25.0,2017-12-21 14:05:56
943.0,25.0,2017-10-30 22:16:00
945.0,25.0,2017-11-27 20:04:01
945.0,25.0,2017-11-27 13:09:48
945.0,25.0,2018-02-09 17:40:51
945.0,25.0,2018-06-03 20:30:28
946.0,50.0,2016-10-31 14:22:15
946.0,25.0,2017-05-27 21:31:29
946.0,25.0,2017-12-13 11:30:54
946.0,25.0,2015-10-27 12:18:41
946.0,25.0,2016-06-27 13:52:57
946.0,25.0,2015-09-08 21:30:47
946.0,25.0,2015-06-19 11:44:12
946.0,25.0,2016-04-03 20:35:55
946.0,25.0,2015-11-22 22:06:39
946.0,50.0,2018-04-09 20:19:08
946.0,25.0,2016-12-21 11:40:10
946.0,25.0,2018-03-23 11:16:20
947.0,50.0,2018-04-27 12:18:38
947.0,25.0,2016-02-28 14:24:47
947.0,25.0,2015-07-23 21:35:56
947.0,25.0,2017-11-23 11:29:41
947.0,25.0,2016-06-24 16:33:47
947.0,50.0,2017-04-12 17:33:56
947.0,50.0,2015-10-10 16:35:17
947.0,25.0,2017-03-27 12:35:13
948.0,50.0,2018-04-29 14:57:47
948.0,25.0,2017-10-30 13:09:50
948.0,25.0,2018-01-13 13:27:48
950.0,250.0,2017-11-27 21:38:50
950.0,250.0,2017-11-02 19:12:07
951.0,1000.0,2018-03-07 17:41:07
952.0,25.0,2017-09-29 19:03:50
952.0,25.0,2017-09-27 16:17:20
953.0,500.0,2018-05-05 21:47:47
953.0,1000.0,2018-02-14 17:10:13
953.0,500.0,2017-12-15 17:07:47
954.0,25.0,2016-02-04 16:09:04
954.0,50.0,2016-11-16 16:25:45
954.0,25.0,2017-01-20 16:35:52
954.0,25.0,2016-12-13 16:09:46
954.0,25.0,2017-11-07 21:39:28
954.0,25.0,2017-04-10 15:54:35
955.0,250.0,2018-02-21 17:51:20
955.0,100.0,2017-08-12 22:04:51
955.0,250.0,2018-01-16 14:09:07
957.0,25.0,2015-04-16 15:19:59
957.0,50.0,2015-04-14 16:04:56
957.0,50.0,2015-09-01 16:09:11
957.0,25.0,2017-07-24 14:05:26
957.0,50.0,2017-02-22 16:46:18
957.0,25.0,2015-10-19 17:51:43
957.0,50.0,2018-01-18 20:28:04
957.0,50.0,2016-11-20 20:36:18
957.0,25.0,2018-04-30 22:49:24
957.0,25.0,2018-01-28 16:12:15
957.0,25.0,2017-07-20 17:44:35
957.0,25.0,2015-04-18 18:02:13
957.0,25.0,2015-09-12 12:32:42
957.0,50.0,2017-05-04 14:37:36
957.0,50.0,2018-02-14 18:15:36
957.0,25.0,2016-10-23 20:45:42
957.0,25.0,2016-07-01 22:10:56
957.0,50.0,2015-04-12 18:58:38
958.0,25.0,2017-08-30 22:26:56
958.0,25.0,2018-05-29 16:10:45
958.0,25.0,2016-11-08 16:19:55
958.0,50.0,2017-03-10 11:12:30
958.0,25.0,2018-05-23 18:31:03
958.0,50.0,2017-03-24 11:40:40
958.0,50.0,2017-02-21 15:22:24
958.0,25.0,2016-12-24 14:35:00
959.0,50.0,2016-01-06 16:08:41
959.0,25.0,2015-03-06 22:08:20
959.0,25.0,2015-08-13 18:33:31
961.0,250.0,2017-04-18 20:14:02
961.0,250.0,2018-02-25 13:20:24
961.0,250.0,2018-04-07 15:21:27
963.0,25.0,2018-03-31 16:09:53
964.0,25.0,2018-04-01 18:43:45
966.0,100.0,2017-08-08 11:22:38
966.0,100.0,2017-10-08 17:48:24
968.0,25.0,2018-03-25 11:51:32
968.0,50.0,2018-05-22 11:33:40
968.0,25.0,2018-05-26 11:52:41
968.0,25.0,2017-11-27 19:03:15
970.0,50.0,2018-04-19 17:39:10
971.0,250.0,2017-08-19 11:49:11
971.0,250.0,2017-07-07 18:38:31
971.0,250.0,2018-04-12 18:06:30
971.0,500.0,2016-11-15 16:57:22
971.0,250.0,2017-09-15 22:03:17
971.0,250.0,2017-12-23 22:29:19
971.0,250.0,2016-12-27 11:29:59
971.0,250.0,2017-02-05 13:55:37
971.0,250.0,2017-04-15 17:59:50
972.0,100.0,2017-08-31 13:26:38
973.0,50.0,2018-03-15 13:32:22
973.0,75.0,2018-05-18 22:51:11
973.0,50.0,2018-01-05 22:18:35
974.0,50.0,2016-12-20 16:59:23
974.0,50.0,2017-04-29 14:50:12
974.0,25.0,2016-10-03 22:54:55
974.0,25.0,2016-03-07 12:19:30
974.0,25.0,2016-10-26 17:35:39
974.0,25.0,2016-05-18 11:51:59
974.0,25.0,2017-02-28 15:00:54
974.0,50.0,2017-12-16 17:32:04
974.0,25.0,2016-08-13 12:30:25
974.0,25.0,2017-11-07 16:48:11
975.0,25.0,2018-04-09 18:59:02
975.0,25.0,2017-12-21 17:17:03
976.0,25.0,2017-10-13 18:52:07
976.0,25.0,2017-12-19 14:30:11
976.0,50.0,2018-04-11 21:17:00
976.0,25.0,2017-12-01 19:17:33
978.0,50.0,2017-07-18 15:52:09
978.0,25.0,2016-07-30 19:20:07
978.0,25.0,2015-11-23 16:52:00
979.0,50.0,2015-12-23 15:32:43
979.0,25.0,2017-12-06 21:38:53
979.0,25.0,2017-12-04 19:21:10
979.0,25.0,2017-04-21 11:05:35
980.0,50.0,2017-12-25 21:05:07
983.0,25.0,2018-05-05 11:29:40
983.0,25.0,2018-05-17 19:37:09
985.0,25.0,2016-05-11 11:33:27
985.0,25.0,2015-09-05 17:18:08
985.0,25.0,2017-01-03 22:48:07
985.0,25.0,2018-03-14 20:46:00
985.0,25.0,2015-07-03 13:47:54
985.0,50.0,2017-03-20 19:14:42
985.0,25.0,2018-04-22 21:38:33
985.0,25.0,2017-12-02 19:22:34
987.0,25.0,2018-03-13 13:15:22
987.0,25.0,2017-09-28 11:18:55
989.0,25.0,2018-02-09 14:50:48
990.0,50.0,2017-12-18 11:56:26
990.0,50.0,2016-06-30 18:23:15
990.0,25.0,2017-11-20 13:25:11
990.0,25.0,2017-10-08 22:17:30
990.0,50.0,2017-09-25 17:26:44
990.0,25.0,2016-05-03 19:50:49
991.0,1500.0,2015-10-18 14:10:13
991.0,1500.0,2016-01-12 18:46:23
991.0,2000.0,2016-08-27 12:08:42
991.0,1500.0,2017-08-06 16:57:37
991.0,2000.0,2016-01-29 12:30:41
991.0,1500.0,2018-05-15 19:34:27
991.0,2000.0,2015-11-19 19:27:54
991.0,1500.0,2017-08-18 11:56:46
991.0,1500.0,2015-04-07 16:07:45
991.0,1500.0,2016-06-15 11:56:34
991.0,2000.0,2017-06-10 15:23:47
991.0,1500.0,2016-10-22 14:50:33
993.0,50.0,2017-07-12 19:47:16
996.0,25.0,2017-04-09 20:59:02
996.0,25.0,2017-10-23 20:35:44
996.0,25.0,2018-04-26 20:54:21
996.0,25.0,2015-10-17 18:31:54
997.0,100.0,2018-04-23 18:32:32
997.0,100.0,2017-12-22 14:22:24
997.0,75.0,2018-05-06 20:56:49
999.0,25.0,2016-06-20 21:29:58
999.0,50.0,2017-01-14 19:02:18
999.0,25.0,2017-11-24 21:10:31
999.0,25.0,2015-03-28 16:41:48
999.0,50.0,2017-07-22 20:32:42
999.0,25.0,2017-03-11 13:35:34
999.0,25.0,2016-04-26 11:21:50
999.0,50.0,2015-04-07 17:16:54
999.0,50.0,2016-11-01 22:25:09
999.0,25.0,2016-09-08 14:59:39
999.0,50.0,2016-10-07 11:33:16
999.0,50.0,2015-02-18 17:50:30
